<?xml version="1.0" encoding="utf-8"?>
<document-metadata version="1.0" xmlns="http://breeze.macromedia.com/">
	<document-info>
		<title>GIT418_Lecture2b</title>
		<summary></summary>
		<author/>
		<keywords/>
		<thumbnail href="data/thumb/thumb_slide_000001.jpg"/><view-link href="/Viewer.swf?slide={position}"/>
	</document-info>
	<section type="slide" position="1" xmlns="">
		<title>Lecture 2b </title>
		<content>GIT418/598: Multimedia Authoring, Scripting &amp; Production                                                         1 Lecture 2b Modernizr &amp; WAI-AIRA </content>
		<related-content>There&amp;#x20;is&amp;#x20;a&amp;#x20;bunch&amp;#x20;of&amp;#x20;reading&amp;#x20;this&amp;#x20;module&amp;#x20;and&amp;#x20;also&amp;#x20;some&amp;#x20;examples&amp;#x20;to&amp;#x20;look&amp;#x20;at,&amp;#x20;so&amp;#x20;this&amp;#x20;lecture&amp;#x20;is&amp;#x20;going&amp;#x20;to&amp;#x20;be&amp;#x20;devoted&amp;#x20;to&amp;#x20;talking&amp;#x20;about&amp;#x20;a&amp;#x20;few&amp;#x20;features&amp;#x20;that&amp;#x20;aren&amp;#x2019;t&amp;#x20;addressed&amp;#x20;as&amp;#x20;in-depth:&amp;#x20;Modernizr&amp;#x20;and&amp;#x20;WAI-ARIA.&amp;#x20;&lt;br&gt;</related-content>
		<thumbnail href="data/thumb/thumb_slide_000001.jpg"/></section>
	<section type="slide" position="2" xmlns="">
		<title>Polyfills </title>
		<content>Polyfills Polyfill = piece of code that allows a browser to think it can perform something natively Allows for functionality to be added that may not be supported Shiv = library that enables HTML5 elements and sectioning in a browser Also known as a shim Example: HTML5 shiv </content>
		<related-content>Polyfills&amp;#x20;are&amp;#x20;fallbacks&amp;#x20;for&amp;#x20;browsers.&lt;br&gt;&lt;br&gt;The&amp;#x20;HTML5&amp;#x20;shiv&amp;#x20;is&amp;#x20;a&amp;#x20;JavaScript&amp;#x20;workaround&amp;#x20;used&amp;#x20;for&amp;#x20;IE.&amp;#x20;It&amp;#x20;can&amp;#x20;be&amp;#x20;called&amp;#x20;using&amp;#x20;conditional&amp;#x20;commenting,&amp;#x20;and&amp;#x20;that&amp;#x20;means&amp;#x20;it&amp;#x20;will&amp;#x20;only&amp;#x20;load&amp;#x20;if&amp;#x20;IE&amp;#x20;(or&amp;#x20;a&amp;#x20;specific&amp;#x20;version&amp;#x20;of&amp;#x20;IE,&amp;#x20;if&amp;#x20;you&amp;#x20;tell&amp;#x20;it)&amp;#x20;is&amp;#x20;the&amp;#x20;browser.&lt;br&gt;</related-content>
		<thumbnail href="data/thumb/thumb_slide_000002.jpg"/></section>
	<section type="slide" position="3" xmlns="">
		<title>Modernizr </title>
		<content>Modernizr Modernizr: JavaScript library that detects a browser’s ability to support HTML5 and CSS3 http://www.modernizr.com/ Generates classes for &lt;html&gt; tag If something is not supported, it gets “no-” </content>
		<related-content>Simply&amp;#x20;put,&amp;#x20;Modernizr&amp;#x20;lets&amp;#x20;you&amp;#x20;know&amp;#x20;whether&amp;#x20;a&amp;#x20;user&amp;#x2019;s&amp;#x20;browser&amp;#x20;will&amp;#x20;support&amp;#x20;HTML5&amp;#x20;and&amp;#x20;CSS3&amp;#x20;natively.&amp;#x20;If&amp;#x20;it&amp;#x20;does,&amp;#x20;Modernizr&amp;#x20;generates&amp;#x20;classes&amp;#x20;for&amp;#x20;all&amp;#x20;features&amp;#x20;you&amp;#x20;ask&amp;#x20;it&amp;#x20;to&amp;#x20;look&amp;#x20;for.&amp;#x20;If&amp;#x20;it&amp;#x20;won&amp;#x2019;t,&amp;#x20;then&amp;#x20;Modernizr&amp;#x20;will&amp;#x20;put&amp;#x20;the&amp;#x20;word&amp;#x20;&amp;#x201c;no-&amp;#x201d;&amp;#x20;before&amp;#x20;the&amp;#x20;class,&amp;#x20;which&amp;#x20;then&amp;#x20;creates&amp;#x20;a&amp;#x20;new&amp;#x20;class.&amp;#x20;With&amp;#x20;that&amp;#x20;new&amp;#x20;class,&amp;#x20;you&amp;#x20;can&amp;#x20;provide&amp;#x20;a&amp;#x20;fallback&amp;#x20;or&amp;#x20;load&amp;#x20;a&amp;#x20;polyfill&amp;#x20;script&amp;#x20;to&amp;#x20;fill&amp;#x20;in&amp;#x20;for&amp;#x20;that&amp;#x20;functionality&amp;#x20;that&amp;#x20;is&amp;#x20;not&amp;#x20;there.&amp;#x20;A&amp;#x20;polyfill&amp;#x20;is&amp;#x20;a&amp;#x20;shim&amp;#x20;that&amp;#x20;will&amp;#x20;replicate&amp;#x20;the&amp;#x20;standard&amp;#x20;API&amp;#x20;for&amp;#x20;older&amp;#x20;browsers.&amp;#x20;There&amp;#x20;is&amp;#x20;a&amp;#x20;polyfill&amp;#x20;for&amp;#x20;almost&amp;#x20;all&amp;#x20;html5&amp;#x20;features&amp;#x20;that&amp;#x20;Modernizr&amp;#x20;can&amp;#x20;detect.&amp;#x20;&lt;br&gt;</related-content>
		<thumbnail href="data/thumb/thumb_slide_000003.jpg"/></section>
	<section type="slide" position="4" xmlns="">
		<title>Modernizr </title>
		<content>Modernizr … &lt;head&gt; &lt;script src=“modernizr-2.8.3.js”&gt; &lt;/script&gt; &lt;/head&gt; … </content>
		<related-content>This&amp;#x20;code&amp;#x20;goes&amp;#x20;in&amp;#x20;your&amp;#x20;head&amp;#x20;tag.&amp;#x20;This&amp;#x20;one&amp;#x20;is&amp;#x20;what&amp;#x20;is&amp;#x20;called&amp;#x20;the&amp;#x20;Development&amp;#x20;version.&amp;#x20;It&amp;#x2019;s&amp;#x20;uncompressed&amp;#x20;and&amp;#x20;commented&amp;#x20;so&amp;#x20;you&amp;#x20;can&amp;#x20;take&amp;#x20;a&amp;#x20;look&amp;#x20;and&amp;#x20;see&amp;#x20;what&amp;#x20;it&amp;#x20;does.&amp;#x20;This&amp;#x20;is&amp;#x20;the&amp;#x20;one&amp;#x20;I&amp;#x20;recommend&amp;#x20;until&amp;#x20;you&amp;#x20;get&amp;#x20;used&amp;#x20;to&amp;#x20;it.&amp;#x20;&lt;br&gt;&lt;br&gt;The&amp;#x20;other&amp;#x20;version&amp;#x20;is&amp;#x20;Production,&amp;#x20;and&amp;#x20;this&amp;#x20;is&amp;#x20;the&amp;#x20;one&amp;#x20;you&amp;#x20;can&amp;#x20;customize&amp;#x20;to&amp;#x20;have&amp;#x20;Modernizr&amp;#x20;check&amp;#x20;for&amp;#x20;whatever&amp;#x20;you&amp;#x20;want&amp;#x20;it&amp;#x20;to&amp;#x20;check&amp;#x20;for.&lt;br&gt;</related-content>
		<thumbnail href="data/thumb/thumb_slide_000004.jpg"/></section>
	<section type="slide" position="5" xmlns="">
		<title>Modernizr </title>
		<content>Modernizr Chrome: &lt;html class=“js canvas canvastext geolocation postmessage borderimage borderradius boxshadow textshadow”&gt;  IE9: &lt;html class=“js canvas canvastext geolocation postmessage no-borderimage borderradius boxshadow no-textshadow”&gt; </content>
		<related-content>This&amp;#x20;example&amp;#x20;shows&amp;#x20;you&amp;#x20;how&amp;#x20;to&amp;#x20;have&amp;#x20;a&amp;#x20;fallback&amp;#x20;using&amp;#x20;CSS.&lt;br&gt;&lt;br&gt;Notice&amp;#x20;in&amp;#x20;IE,&amp;#x20;there&amp;#x20;are&amp;#x20;two&amp;#x20;classes&amp;#x20;that&amp;#x20;are&amp;#x20;different&amp;#x20;&amp;#x2013;&amp;#x20;no-borderimage&amp;#x20;and&amp;#x20;no-textshadow.&amp;#x20;Modernizr&amp;#x20;created&amp;#x20;these&amp;#x20;so&amp;#x20;that&amp;#x20;you&amp;#x20;can&amp;#x20;write&amp;#x20;some&amp;#x20;CSS&amp;#x20;to&amp;#x20;handle&amp;#x20;those&amp;#x20;browsers,&amp;#x20;like&amp;#x20;IE9,&amp;#x20;that&amp;#x20;won&amp;#x2019;t&amp;#x20;support&amp;#x20;them.&lt;br&gt;</related-content>
		<thumbnail href="data/thumb/thumb_slide_000005.jpg"/></section>
	<section type="slide" position="6" xmlns="">
		<title>Modernizr </title>
		<content>Modernizr CSS:  .textshadow #MyText {  color: transparent;  text-shadow: 0 0 10px black; }   .no-textshadow #MyText {  color: black; } </content>
		<related-content>For&amp;#x20;those&amp;#x20;browsers&amp;#x20;that&amp;#x20;support&amp;#x20;text-shadow,&amp;#x20;the&amp;#x20;letters&amp;#x20;will&amp;#x20;appear&amp;#x20;as&amp;#x20;ghosted&amp;#x20;letters.&amp;#x20;For&amp;#x20;those&amp;#x20;browsers&amp;#x20;that&amp;#x20;do&amp;#x20;not&amp;#x20;support&amp;#x20;text-shadow,&amp;#x20;the&amp;#x20;text&amp;#x20;will&amp;#x20;just&amp;#x20;be&amp;#x20;black.&lt;br&gt;&lt;br&gt;You&amp;#x20;also&amp;#x20;could&amp;#x20;load&amp;#x20;a&amp;#x20;polyfill&amp;#x20;script&amp;#x20;dynamically&amp;#x20;using&amp;#x20;Modernizr,&amp;#x20;which&amp;#x20;I&amp;#x20;will&amp;#x20;talk&amp;#x20;about&amp;#x20;in&amp;#x20;a&amp;#x20;few&amp;#x20;slides.&lt;br&gt;</related-content>
		<thumbnail href="data/thumb/thumb_slide_000006.jpg"/></section>
	<section type="slide" position="7" xmlns="">
		<title>Modernizr </title>
		<content>Modernizr </content>
		<related-content>When&amp;#x20;you&amp;#x20;go&amp;#x20;to&amp;#x20;Modernizr&amp;#x2019;s&amp;#x20;site&amp;#x20;and&amp;#x20;click&amp;#x20;on&amp;#x20;Production,&amp;#x20;you&amp;#x20;are&amp;#x20;directed&amp;#x20;to&amp;#x20;a&amp;#x20;page&amp;#x20;with&amp;#x20;this&amp;#x20;tool.&amp;#x20;You&amp;#x20;can&amp;#x20;choose&amp;#x20;what&amp;#x20;you&amp;#x20;want&amp;#x20;Modernizr&amp;#x20;to&amp;#x20;test&amp;#x20;for&amp;#x20;and&amp;#x20;it&amp;#x20;will&amp;#x20;generate&amp;#x20;a&amp;#x20;minified&amp;#x20;version&amp;#x20;of&amp;#x20;the&amp;#x20;code.&amp;#x20;Minified&amp;#x20;just&amp;#x20;means&amp;#x20;that&amp;#x20;all&amp;#x20;unnecessary&amp;#x20;code&amp;#x20;has&amp;#x20;been&amp;#x20;removed&amp;#x20;to&amp;#x20;make&amp;#x20;it&amp;#x20;a&amp;#x20;smaller&amp;#x20;file&amp;#x20;size.&lt;br&gt;</related-content>
		<thumbnail href="data/thumb/thumb_slide_000007.jpg"/></section>
	<section type="slide" position="8" xmlns="">
		<title>Modernizr </title>
		<content>Modernizr Modernizr.load({  test: Modernizr.canvas, yep: ‘canvas.js’,  nope: ’canvasPolyfill.js’ }); </content>
		<related-content>I&amp;#x20;mentioned&amp;#x20;a&amp;#x20;few&amp;#x20;slides&amp;#x20;ago&amp;#x20;that&amp;#x20;you&amp;#x20;can&amp;#x20;load&amp;#x20;polyfill&amp;#x20;or&amp;#x20;shim&amp;#x20;scripts&amp;#x20;dynamically&amp;#x20;using&amp;#x20;Modernizr.&lt;br&gt;&lt;br&gt;Test&amp;#x20;is&amp;#x20;what&amp;#x20;you&amp;#x20;want&amp;#x20;to&amp;#x20;test&amp;#x20;for.&amp;#x20;In&amp;#x20;this&amp;#x20;example,&amp;#x20;we&amp;#x2019;re&amp;#x20;testing&amp;#x20;for&amp;#x20;canvas.&lt;br&gt;&lt;br&gt;Yep&amp;#x20;(yes,&amp;#x20;it&amp;#x20;really&amp;#x20;is&amp;#x20;YEP)&amp;#x20;will&amp;#x20;load&amp;#x20;if&amp;#x20;test&amp;#x20;is&amp;#x20;true,&amp;#x20;or&amp;#x20;in&amp;#x20;other&amp;#x20;words,&amp;#x20;if&amp;#x20;canvas&amp;#x20;is&amp;#x20;available.&lt;br&gt;&lt;br&gt;Nope&amp;#x20;will&amp;#x20;load&amp;#x20;if&amp;#x20;test&amp;#x20;is&amp;#x20;false,&amp;#x20;or&amp;#x20;if&amp;#x20;canvas&amp;#x20;is&amp;#x20;not&amp;#x20;available.&lt;br&gt;&lt;br&gt;So&amp;#x20;with&amp;#x20;nope,&amp;#x20;you&amp;#x20;are&amp;#x20;calling&amp;#x20;a&amp;#x20;polyfill.&amp;#x20;A&amp;#x20;polyfill&amp;#x20;is&amp;#x20;similar&amp;#x20;to&amp;#x20;the&amp;#x20;vendor&amp;#x20;prefixes&amp;#x20;we&amp;#x20;talked&amp;#x20;about&amp;#x20;for&amp;#x20;CSS3.&amp;#x20;Polyfills,&amp;#x20;like&amp;#x20;prefixes,&amp;#x20;will&amp;#x20;provide&amp;#x20;the&amp;#x20;technology&amp;#x20;needed&amp;#x20;for&amp;#x20;the&amp;#x20;browser&amp;#x20;to&amp;#x20;think&amp;#x20;it&amp;#x20;can&amp;#x20;handle&amp;#x20;it&amp;#x20;natively.&amp;#x20;&lt;br&gt;</related-content>
		<thumbnail href="data/thumb/thumb_slide_000008.jpg"/></section>
	<section type="slide" position="9" xmlns="">
		<title>WAI-ARIA </title>
		<content>WAI-ARIA WAI-ARIA: Web Accessibility Initiative’s Accessible Rich Internet Applications Assigns roles to elements and gives them properties and states </content>
		<related-content>There&amp;#x20;are&amp;#x20;figures&amp;#x20;that&amp;#x20;say&amp;#x20;as&amp;#x20;many&amp;#x20;as&amp;#x20;80%&amp;#x20;of&amp;#x20;web&amp;#x20;sites&amp;#x20;are&amp;#x20;inaccessible.&amp;#x20;And&amp;#x20;sadly,&amp;#x20;a&amp;#x20;poll&amp;#x20;done&amp;#x20;by&amp;#x20;A&amp;#x20;List&amp;#x20;Apart&amp;#x20;in&amp;#x20;2008&amp;#x20;found&amp;#x20;that&amp;#x20;less&amp;#x20;than&amp;#x20;50%&amp;#x20;of&amp;#x20;web&amp;#x20;designers&amp;#x20;and&amp;#x20;developers&amp;#x20;have&amp;#x20;accessibility&amp;#x20;knowledge.&lt;br&gt;&lt;br&gt;The&amp;#x20;ARIA&amp;#x20;established&amp;#x20;guidelines&amp;#x20;to&amp;#x20;help&amp;#x20;make&amp;#x20;dynamic&amp;#x20;content&amp;#x20;and&amp;#x20;advanced&amp;#x20;controls&amp;#x20;for&amp;#x20;web&amp;#x20;applications&amp;#x20;more&amp;#x20;accessible.&amp;#x20;In&amp;#x20;other&amp;#x20;words,&amp;#x20;the&amp;#x20;guidelines&amp;#x20;define&amp;#x20;markup&amp;#x20;attributes&amp;#x20;that&amp;#x20;give&amp;#x20;assistive&amp;#x20;technologies&amp;#x20;the&amp;#x20;information&amp;#x20;they&amp;#x20;need&amp;#x20;to&amp;#x20;make&amp;#x20;web&amp;#x20;applications&amp;#x20;accessible.&lt;br&gt;&lt;br&gt;These&amp;#x20;role&amp;#x20;attributes&amp;#x20;define&amp;#x20;structure&amp;#x20;and&amp;#x20;help&amp;#x20;in&amp;#x20;navigating&amp;#x20;through&amp;#x20;a&amp;#x20;website.&amp;#x20;There&amp;#x20;are&amp;#x20;attribute-value&amp;#x20;pairs&amp;#x20;that&amp;#x20;help&amp;#x20;out&amp;#x20;user&amp;#x20;agents&amp;#x20;by&amp;#x20;giving&amp;#x20;them&amp;#x20;the&amp;#x20;structure&amp;#x20;info&amp;#x20;they&amp;#x20;need.&lt;br&gt;&lt;b&gt;&lt;br&gt;&lt;/b&gt;</related-content>
		<thumbnail href="data/thumb/thumb_slide_000009.jpg"/></section>
	<section type="slide" position="10" xmlns="">
		<title>WAI-ARIA </title>
		<content>WAI-ARIA Document landmark roles: application = assigned to regions of page containing application content and functionality banner = assigned to elements containing site-oriented content complementary = assigned to content supplemental to main content </content>
		<related-content>These&amp;#x20;roles&amp;#x20;are&amp;#x20;considered&amp;#x20;to&amp;#x20;be&amp;#x20;document&amp;#x20;landmarks.&amp;#x20;They&amp;#x20;help&amp;#x20;screen&amp;#x20;readers&amp;#x20;and&amp;#x20;other&amp;#x20;user&amp;#x20;agents&amp;#x20;define&amp;#x20;structure&amp;#x20;and&amp;#x20;provide&amp;#x20;help&amp;#x20;in&amp;#x20;navigating&amp;#x20;through&amp;#x20;a&amp;#x20;website.&amp;#x20;There&amp;#x20;are&amp;#x20;attribute-value&amp;#x20;pairs&amp;#x20;that&amp;#x20;help&amp;#x20;out&amp;#x20;user&amp;#x20;agents&amp;#x20;by&amp;#x20;giving&amp;#x20;them&amp;#x20;the&amp;#x20;structure&amp;#x20;info&amp;#x20;they&amp;#x20;need.&lt;br&gt;&lt;br&gt;The&amp;#x20;application&amp;#x20;role&amp;#x20;is&amp;#x20;unique&amp;#x20;for&amp;#x20;two&amp;#x20;reasons:&amp;#x20;1)&amp;#x20;if&amp;#x20;assigned&amp;#x20;to&amp;#x20;the&amp;#x20;entire&amp;#x20;page,&amp;#x20;it&amp;#x20;is&amp;#x20;not&amp;#x20;treated&amp;#x20;as&amp;#x20;a&amp;#x20;navigational&amp;#x20;landmark&amp;#x20;and&amp;#x20;2)&amp;#x20;it&amp;#x20;tells&amp;#x20;screen&amp;#x20;readers&amp;#x20;to&amp;#x20;switch&amp;#x20;out&amp;#x20;of&amp;#x20;&amp;#x201c;browsing&amp;#x20;mode&amp;#x201d;&amp;#x20;into&amp;#x20;&amp;#x201c;application&amp;#x20;interface&amp;#x20;mode.&amp;#x201d;&lt;br&gt;&lt;br&gt;Article&amp;#x20;content&amp;#x20;should&amp;#x20;make&amp;#x20;sense&amp;#x20;out&amp;#x20;of&amp;#x20;context&amp;#x20;from&amp;#x20;the&amp;#x20;rest&amp;#x20;of&amp;#x20;the&amp;#x20;document.&lt;br&gt;&lt;br&gt;&lt;br&gt;Site-oriented&amp;#x20;content&amp;#x20;examples&amp;#x20;include&amp;#x20;the&amp;#x20;site&amp;#x20;name&amp;#x20;of&amp;#x20;site,&amp;#x20;title,&amp;#x20;or&amp;#x20;the&amp;#x20;logo.&lt;br&gt;</related-content>
		<thumbnail href="data/thumb/thumb_slide_000010.jpg"/></section>
	<section type="slide" position="11" xmlns="">
		<title>WAI-ARIA </title>
		<content>WAI-ARIA Document landmark roles: contentinfo = assigned to meta child content form = assigned to form items and objects main = assigned to main content navigation = assigned to element containing navigation links search = assigned to element containing site search </content>
		<related-content>Meta&amp;#x20;child&amp;#x20;content&amp;#x20;can&amp;#x20;include&amp;#x20;footnotes&amp;#x20;and&amp;#x20;copyrights.&lt;br&gt;&lt;br&gt;There&amp;#x20;also&amp;#x20;are&amp;#x20;widget&amp;#x20;roles,&amp;#x20;which&amp;#x20;describe&amp;#x20;graphical&amp;#x20;user&amp;#x20;interface&amp;#x20;widgets&amp;#x20;and&amp;#x20;other&amp;#x20;elements&amp;#x20;that&amp;#x20;are&amp;#x20;not&amp;#x20;native&amp;#x20;to&amp;#x20;HTML&amp;#x20;but&amp;#x20;are&amp;#x20;common&amp;#x20;on&amp;#x20;a&amp;#x20;desktop.&amp;#x20;Some&amp;#x20;examples&amp;#x20;include&amp;#x20;alert,&amp;#x20;checkbox,&amp;#x20;slider,&amp;#x20;progressbar&amp;#x20;and&amp;#x20;tooltip.&amp;#x20;There&amp;#x20;are&amp;#x20;many,&amp;#x20;many&amp;#x20;of&amp;#x20;these.&amp;#x20;If&amp;#x20;you&amp;#x20;want&amp;#x20;to&amp;#x20;see&amp;#x20;these,&amp;#x20;go&amp;#x20;to&amp;#x20;the&amp;#x20;W3&amp;#x20;site&amp;#x20;and&amp;#x20;in&amp;#x20;the&amp;#x20;search,&amp;#x20;type&amp;#x20;WAI&amp;#x20;ARIA&amp;#x20;roles.&lt;br&gt;&lt;br&gt;</related-content>
		<thumbnail href="data/thumb/thumb_slide_000011.jpg"/></section>
	<section type="slide" position="12" xmlns="">
		<title>WAI-ARIA </title>
		<content>WAI-ARIA &lt;nav&gt; &lt;ul role="navigation"&gt;  &lt;li&gt;&lt;a href="/"&gt;Home&lt;/a&gt;&lt;/li&gt; &lt;li&gt;&lt;a href=”/kids"&gt;For Kids&lt;/a&gt;&lt;/li&gt; &lt;li&gt;&lt;a href=”/parents"&gt;For Parents&lt;/a&gt;&lt;/li&gt; &lt;/ul&gt; &lt;/nav&gt; </content>
		<related-content>It&amp;#x20;looks&amp;#x20;like&amp;#x20;we&amp;#x2019;re&amp;#x20;doubling&amp;#x20;up&amp;#x20;here,&amp;#x20;having&amp;#x20;&amp;lt;nav&amp;gt;&amp;#x20;and&amp;#x20;assigning&amp;#x20;a&amp;#x20;role&amp;#x20;to&amp;#x20;the&amp;#x20;&amp;lt;ul&amp;gt;&amp;#x20;as&amp;#x20;navigation.&amp;#x20;But&amp;#x20;you&amp;#x20;have&amp;#x20;to&amp;#x20;realize&amp;#x20;that&amp;#x20;some&amp;#x20;browsers&amp;#x20;may&amp;#x20;not&amp;#x20;support&amp;#x20;HTML5&amp;#x20;but&amp;#x20;they&amp;#x20;will&amp;#x20;support&amp;#x20;WAI-ARIA&amp;#x20;roles.&lt;br&gt;</related-content>
		<thumbnail href="data/thumb/thumb_slide_000012.jpg"/></section>
	<section type="slide" position="13" xmlns="">
		<title>WAI-ARIA </title>
		<content>WAI-ARIA Source: accessibleculture.com </content>
		<related-content>It&amp;#x2019;s&amp;#x20;very&amp;#x20;easy&amp;#x20;to&amp;#x20;confuse&amp;#x20;the&amp;#x20;HTML5&amp;#x20;elements&amp;#x20;and&amp;#x20;the&amp;#x20;ARIA&amp;#x20;roles.&amp;#x20;The&amp;#x20;perfect&amp;#x20;example&amp;#x20;of&amp;#x20;that&amp;#x20;is&amp;#x20;article&amp;#x20;&amp;#x2013;&amp;#x20;it&amp;#x20;is&amp;#x20;an&amp;#x20;HTML5&amp;#x20;element&amp;#x20;and&amp;#x20;also&amp;#x20;has&amp;#x20;a&amp;#x20;role.&amp;#x20;They&amp;#x20;are&amp;#x20;not&amp;#x20;the&amp;#x20;same.&amp;#x20;This&amp;#x20;chart&amp;#x20;is&amp;#x20;a&amp;#x20;good&amp;#x20;guide&amp;#x20;for&amp;#x20;the&amp;#x20;landmark&amp;#x20;roles&amp;#x20;and&amp;#x20;what&amp;#x20;HTML5&amp;#x20;elements&amp;#x20;you&amp;#x20;could&amp;#x20;assign&amp;#x20;those&amp;#x20;roles&amp;#x20;to.&lt;br&gt;</related-content>
		<thumbnail href="data/thumb/thumb_slide_000013.jpg"/></section>
	<section type="slide" position="14" xmlns="">
		<title>Assignments for Module 2 </title>
		<content>GIT418/598: Multimedia Authoring, Scripting &amp; Production                                                         14 Assignments for Module 2 Reading/Viewing:  Learning jQuery 4th Edition try.jquery.com Additional Material Assignments 2 &amp; 3 </content>
		<related-content>A&amp;#x20;note&amp;#x20;about&amp;#x20;jQuery:&amp;#x20;You&amp;#x2019;ll&amp;#x20;notice&amp;#x20;that&amp;#x20;for&amp;#x20;the&amp;#x20;most&amp;#x20;part,&amp;#x20;the&amp;#x20;code&amp;#x20;is&amp;#x20;the&amp;#x20;easy&amp;#x20;part.&amp;#x20;It&amp;#x2019;s&amp;#x20;the&amp;#x20;CSS&amp;#x20;that&amp;#x20;you&amp;#x20;write&amp;#x20;to&amp;#x20;style&amp;#x20;it&amp;#x20;that&amp;#x20;takes&amp;#x20;the&amp;#x20;time.&amp;#x20;Take&amp;#x20;that&amp;#x20;into&amp;#x20;consideration&amp;#x20;when&amp;#x20;you&amp;#x20;are&amp;#x20;doing&amp;#x20;the&amp;#x20;assignments.&amp;#x20;And&amp;#x20;speaking&amp;#x20;of&amp;#x20;assignments,&amp;#x20;there&amp;#x20;are&amp;#x20;2&amp;#x20;of&amp;#x20;them&amp;#x20;for&amp;#x20;this&amp;#x20;module.&amp;#x20;Don&amp;#x2019;t&amp;#x20;worry,&amp;#x20;they&amp;#x20;are&amp;#x20;very&amp;#x20;closely&amp;#x20;related.&lt;br&gt;</related-content>
		<thumbnail href="data/thumb/thumb_slide_000014.jpg"/></section>
</document-metadata>
