<?xml version="1.0" encoding="utf-8"?>
<presentation width="720" height="540" start="play" buildNum="7.0.7.7746">
	<presentationTitle>GIT418_Lecture2b</presentationTitle>
	<speakers>
		<speaker>
			<name>Deborah Prewitt</name>
		</speaker>
	</speakers>
	<backgrounds>
		<background url="Master80000156.swf"/>
		<background url="Master8000015c.swf"/>
	</backgrounds>
	<search url="srchdata.xml"/>
	<slides>
		<slide id="256" frameRate="30" totalFrames="703.5" advance="auto" blockMovement="false" type="normal">
			<content url="Slide1.swf"/>
			<slideBackground index="0" frameToPlay="1" duration="2" showAfterFrame="0"/>
			<flvContents></flvContents>
			<clickAnimations>
				<clickAnimation start="16" end="31"/>
			</clickAnimations>
			<slideTitle>Lecture 2b</slideTitle>
			<notes isHTML="true">There&amp;#x20;is&amp;#x20;a&amp;#x20;bunch&amp;#x20;of&amp;#x20;reading&amp;#x20;this&amp;#x20;module&amp;#x20;and&amp;#x20;also&amp;#x20;some&amp;#x20;examples&amp;#x20;to&amp;#x20;look&amp;#x20;at,&amp;#x20;so&amp;#x20;this&amp;#x20;lecture&amp;#x20;is&amp;#x20;going&amp;#x20;to&amp;#x20;be&amp;#x20;devoted&amp;#x20;to&amp;#x20;talking&amp;#x20;about&amp;#x20;a&amp;#x20;few&amp;#x20;features&amp;#x20;that&amp;#x20;aren&amp;#x2019;t&amp;#x20;addressed&amp;#x20;as&amp;#x20;in-depth:&amp;#x20;Modernizr&amp;#x20;and&amp;#x20;WAI-ARIA.&amp;#x20;&lt;br&gt;</notes>
			<slideThumbnail url="thumb.swf" frame="1"/>
			<slideSpeaker index="0"/>
			<audios id="1" duration=" 23450">
				<media url="a24x1x1.mp3" startMsecs="0" duration="23450" startAtMSecs="0"/>
			</audios>
			<playbackActions></playbackActions>
		</slide>
		<slide id="270" frameRate="30" totalFrames="2452.2" advance="auto" blockMovement="false" type="normal">
			<content url="Slide2.swf"/>
			<slideBackground index="1" frameToPlay="1" duration="2" showAfterFrame="0"/>
			<flvContents></flvContents>
			<clickAnimations>
				<clickAnimation start="277" end="292"/>
				<clickAnimation start="1041" end="1056"/>
			</clickAnimations>
			<slideTitle>Polyfills</slideTitle>
			<notes isHTML="true">Polyfills&amp;#x20;are&amp;#x20;fallbacks&amp;#x20;for&amp;#x20;browsers.&lt;br&gt;&lt;br&gt;The&amp;#x20;HTML5&amp;#x20;shiv&amp;#x20;is&amp;#x20;a&amp;#x20;JavaScript&amp;#x20;workaround&amp;#x20;used&amp;#x20;for&amp;#x20;IE.&amp;#x20;It&amp;#x20;can&amp;#x20;be&amp;#x20;called&amp;#x20;using&amp;#x20;conditional&amp;#x20;commenting,&amp;#x20;and&amp;#x20;that&amp;#x20;means&amp;#x20;it&amp;#x20;will&amp;#x20;only&amp;#x20;load&amp;#x20;if&amp;#x20;IE&amp;#x20;(or&amp;#x20;a&amp;#x20;specific&amp;#x20;version&amp;#x20;of&amp;#x20;IE,&amp;#x20;if&amp;#x20;you&amp;#x20;tell&amp;#x20;it)&amp;#x20;is&amp;#x20;the&amp;#x20;browser.&lt;br&gt;</notes>
			<slideThumbnail url="thumb.swf" frame="2"/>
			<audios id="18" duration=" 81740">
				<media url="a24x18x1.mp3" startMsecs="0" duration="81740" startAtMSecs="0"/>
			</audios>
			<playbackActions></playbackActions>
		</slide>
		<slide id="258" frameRate="30" totalFrames="1969.8" advance="auto" blockMovement="false" type="normal">
			<content url="Slide3.swf"/>
			<slideBackground index="1" frameToPlay="3" duration="2" showAfterFrame="0"/>
			<flvContents></flvContents>
			<clickAnimations>
				<clickAnimation start="166" end="181"/>
			</clickAnimations>
			<slideTitle>Modernizr</slideTitle>
			<notes isHTML="true">Simply&amp;#x20;put,&amp;#x20;Modernizr&amp;#x20;lets&amp;#x20;you&amp;#x20;know&amp;#x20;whether&amp;#x20;a&amp;#x20;user&amp;#x2019;s&amp;#x20;browser&amp;#x20;will&amp;#x20;support&amp;#x20;HTML5&amp;#x20;and&amp;#x20;CSS3&amp;#x20;natively.&amp;#x20;If&amp;#x20;it&amp;#x20;does,&amp;#x20;Modernizr&amp;#x20;generates&amp;#x20;classes&amp;#x20;for&amp;#x20;all&amp;#x20;features&amp;#x20;you&amp;#x20;ask&amp;#x20;it&amp;#x20;to&amp;#x20;look&amp;#x20;for.&amp;#x20;If&amp;#x20;it&amp;#x20;won&amp;#x2019;t,&amp;#x20;then&amp;#x20;Modernizr&amp;#x20;will&amp;#x20;put&amp;#x20;the&amp;#x20;word&amp;#x20;&amp;#x201c;no-&amp;#x201d;&amp;#x20;before&amp;#x20;the&amp;#x20;class,&amp;#x20;which&amp;#x20;then&amp;#x20;creates&amp;#x20;a&amp;#x20;new&amp;#x20;class.&amp;#x20;With&amp;#x20;that&amp;#x20;new&amp;#x20;class,&amp;#x20;you&amp;#x20;can&amp;#x20;provide&amp;#x20;a&amp;#x20;fallback&amp;#x20;or&amp;#x20;load&amp;#x20;a&amp;#x20;polyfill&amp;#x20;script&amp;#x20;to&amp;#x20;fill&amp;#x20;in&amp;#x20;for&amp;#x20;that&amp;#x20;functionality&amp;#x20;that&amp;#x20;is&amp;#x20;not&amp;#x20;there.&amp;#x20;A&amp;#x20;polyfill&amp;#x20;is&amp;#x20;a&amp;#x20;shim&amp;#x20;that&amp;#x20;will&amp;#x20;replicate&amp;#x20;the&amp;#x20;standard&amp;#x20;API&amp;#x20;for&amp;#x20;older&amp;#x20;browsers.&amp;#x20;There&amp;#x20;is&amp;#x20;a&amp;#x20;polyfill&amp;#x20;for&amp;#x20;almost&amp;#x20;all&amp;#x20;html5&amp;#x20;features&amp;#x20;that&amp;#x20;Modernizr&amp;#x20;can&amp;#x20;detect.&amp;#x20;&lt;br&gt;</notes>
			<slideThumbnail url="thumb.swf" frame="3"/>
			<audios id="13" duration=" 65660">
				<media url="a24x13x1.mp3" startMsecs="0" duration="65660" startAtMSecs="0"/>
			</audios>
			<playbackActions></playbackActions>
		</slide>
		<slide id="259" frameRate="30" totalFrames="1522.8" advance="auto" blockMovement="false" type="normal">
			<content url="Slide4.swf"/>
			<slideBackground index="1" frameToPlay="5" duration="2" showAfterFrame="0"/>
			<flvContents></flvContents>
			<clickAnimations>
				<clickAnimation start="28" end="43"/>
				<clickAnimation start="57" end="72"/>
				<clickAnimation start="84" end="99"/>
				<clickAnimation start="114" end="129"/>
				<clickAnimation start="156" end="171"/>
			</clickAnimations>
			<slideTitle>Modernizr</slideTitle>
			<notes isHTML="true">This&amp;#x20;code&amp;#x20;goes&amp;#x20;in&amp;#x20;your&amp;#x20;head&amp;#x20;tag.&amp;#x20;This&amp;#x20;one&amp;#x20;is&amp;#x20;what&amp;#x20;is&amp;#x20;called&amp;#x20;the&amp;#x20;Development&amp;#x20;version.&amp;#x20;It&amp;#x2019;s&amp;#x20;uncompressed&amp;#x20;and&amp;#x20;commented&amp;#x20;so&amp;#x20;you&amp;#x20;can&amp;#x20;take&amp;#x20;a&amp;#x20;look&amp;#x20;and&amp;#x20;see&amp;#x20;what&amp;#x20;it&amp;#x20;does.&amp;#x20;This&amp;#x20;is&amp;#x20;the&amp;#x20;one&amp;#x20;I&amp;#x20;recommend&amp;#x20;until&amp;#x20;you&amp;#x20;get&amp;#x20;used&amp;#x20;to&amp;#x20;it.&amp;#x20;&lt;br&gt;&lt;br&gt;The&amp;#x20;other&amp;#x20;version&amp;#x20;is&amp;#x20;Production,&amp;#x20;and&amp;#x20;this&amp;#x20;is&amp;#x20;the&amp;#x20;one&amp;#x20;you&amp;#x20;can&amp;#x20;customize&amp;#x20;to&amp;#x20;have&amp;#x20;Modernizr&amp;#x20;check&amp;#x20;for&amp;#x20;whatever&amp;#x20;you&amp;#x20;want&amp;#x20;it&amp;#x20;to&amp;#x20;check&amp;#x20;for.&lt;br&gt;</notes>
			<slideThumbnail url="thumb.swf" frame="4"/>
			<audios id="14" duration=" 50760">
				<media url="a24x14x1.mp3" startMsecs="0" duration="50760" startAtMSecs="0"/>
			</audios>
			<playbackActions></playbackActions>
		</slide>
		<slide id="260" frameRate="30" totalFrames="1779" advance="auto" blockMovement="false" type="normal">
			<content url="Slide5.swf"/>
			<slideBackground index="1" frameToPlay="7" duration="2" showAfterFrame="0"/>
			<flvContents></flvContents>
			<clickAnimations>
				<clickAnimation start="388" end="403"/>
				<clickAnimation start="699" end="714"/>
			</clickAnimations>
			<slideTitle>Modernizr</slideTitle>
			<notes isHTML="true">This&amp;#x20;example&amp;#x20;shows&amp;#x20;you&amp;#x20;how&amp;#x20;to&amp;#x20;have&amp;#x20;a&amp;#x20;fallback&amp;#x20;using&amp;#x20;CSS.&lt;br&gt;&lt;br&gt;Notice&amp;#x20;in&amp;#x20;IE,&amp;#x20;there&amp;#x20;are&amp;#x20;two&amp;#x20;classes&amp;#x20;that&amp;#x20;are&amp;#x20;different&amp;#x20;&amp;#x2013;&amp;#x20;no-borderimage&amp;#x20;and&amp;#x20;no-textshadow.&amp;#x20;Modernizr&amp;#x20;created&amp;#x20;these&amp;#x20;so&amp;#x20;that&amp;#x20;you&amp;#x20;can&amp;#x20;write&amp;#x20;some&amp;#x20;CSS&amp;#x20;to&amp;#x20;handle&amp;#x20;those&amp;#x20;browsers,&amp;#x20;like&amp;#x20;IE9,&amp;#x20;that&amp;#x20;won&amp;#x2019;t&amp;#x20;support&amp;#x20;them.&lt;br&gt;</notes>
			<slideThumbnail url="thumb.swf" frame="5"/>
			<audios id="15" duration=" 59300">
				<media url="a24x15x1.mp3" startMsecs="0" duration="59300" startAtMSecs="0"/>
			</audios>
			<playbackActions></playbackActions>
		</slide>
		<slide id="261" frameRate="30" totalFrames="1227.9" advance="auto" blockMovement="false" type="normal">
			<content url="Slide6.swf"/>
			<slideBackground index="1" frameToPlay="9" duration="2" showAfterFrame="0"/>
			<flvContents></flvContents>
			<clickAnimations>
				<clickAnimation start="25" end="40"/>
			</clickAnimations>
			<slideTitle>Modernizr</slideTitle>
			<notes isHTML="true">For&amp;#x20;those&amp;#x20;browsers&amp;#x20;that&amp;#x20;support&amp;#x20;text-shadow,&amp;#x20;the&amp;#x20;letters&amp;#x20;will&amp;#x20;appear&amp;#x20;as&amp;#x20;ghosted&amp;#x20;letters.&amp;#x20;For&amp;#x20;those&amp;#x20;browsers&amp;#x20;that&amp;#x20;do&amp;#x20;not&amp;#x20;support&amp;#x20;text-shadow,&amp;#x20;the&amp;#x20;text&amp;#x20;will&amp;#x20;just&amp;#x20;be&amp;#x20;black.&lt;br&gt;&lt;br&gt;You&amp;#x20;also&amp;#x20;could&amp;#x20;load&amp;#x20;a&amp;#x20;polyfill&amp;#x20;script&amp;#x20;dynamically&amp;#x20;using&amp;#x20;Modernizr,&amp;#x20;which&amp;#x20;I&amp;#x20;will&amp;#x20;talk&amp;#x20;about&amp;#x20;in&amp;#x20;a&amp;#x20;few&amp;#x20;slides.&lt;br&gt;</notes>
			<slideThumbnail url="thumb.swf" frame="6"/>
			<audios id="16" duration=" 40930">
				<media url="a24x16x1.mp3" startMsecs="0" duration="40930" startAtMSecs="0"/>
			</audios>
			<playbackActions></playbackActions>
		</slide>
		<slide id="262" frameRate="30" totalFrames="2003.1" advance="auto" blockMovement="false" type="normal">
			<content url="Slide7.swf"/>
			<slideBackground index="1" frameToPlay="11" duration="2" showAfterFrame="0"/>
			<flvContents></flvContents>
			<slideTitle>Modernizr</slideTitle>
			<notes isHTML="true">When&amp;#x20;you&amp;#x20;go&amp;#x20;to&amp;#x20;Modernizr&amp;#x2019;s&amp;#x20;site&amp;#x20;and&amp;#x20;click&amp;#x20;on&amp;#x20;Production,&amp;#x20;you&amp;#x20;are&amp;#x20;directed&amp;#x20;to&amp;#x20;a&amp;#x20;page&amp;#x20;with&amp;#x20;this&amp;#x20;tool.&amp;#x20;You&amp;#x20;can&amp;#x20;choose&amp;#x20;what&amp;#x20;you&amp;#x20;want&amp;#x20;Modernizr&amp;#x20;to&amp;#x20;test&amp;#x20;for&amp;#x20;and&amp;#x20;it&amp;#x20;will&amp;#x20;generate&amp;#x20;a&amp;#x20;minified&amp;#x20;version&amp;#x20;of&amp;#x20;the&amp;#x20;code.&amp;#x20;Minified&amp;#x20;just&amp;#x20;means&amp;#x20;that&amp;#x20;all&amp;#x20;unnecessary&amp;#x20;code&amp;#x20;has&amp;#x20;been&amp;#x20;removed&amp;#x20;to&amp;#x20;make&amp;#x20;it&amp;#x20;a&amp;#x20;smaller&amp;#x20;file&amp;#x20;size.&lt;br&gt;</notes>
			<slideThumbnail url="thumb.swf" frame="7"/>
			<audios id="17" duration=" 66770">
				<media url="a24x17x1.mp3" startMsecs="0" duration="66770" startAtMSecs="0"/>
			</audios>
			<playbackActions></playbackActions>
		</slide>
		<slide id="263" frameRate="30" totalFrames="2292" advance="auto" blockMovement="false" type="normal">
			<content url="Slide8.swf"/>
			<slideBackground index="1" frameToPlay="13" duration="2" showAfterFrame="0"/>
			<flvContents></flvContents>
			<clickAnimations>
				<clickAnimation start="244" end="259"/>
				<clickAnimation start="273" end="288"/>
				<clickAnimation start="348" end="363"/>
			</clickAnimations>
			<slideTitle>Modernizr</slideTitle>
			<notes isHTML="true">I&amp;#x20;mentioned&amp;#x20;a&amp;#x20;few&amp;#x20;slides&amp;#x20;ago&amp;#x20;that&amp;#x20;you&amp;#x20;can&amp;#x20;load&amp;#x20;polyfill&amp;#x20;or&amp;#x20;shim&amp;#x20;scripts&amp;#x20;dynamically&amp;#x20;using&amp;#x20;Modernizr.&lt;br&gt;&lt;br&gt;Test&amp;#x20;is&amp;#x20;what&amp;#x20;you&amp;#x20;want&amp;#x20;to&amp;#x20;test&amp;#x20;for.&amp;#x20;In&amp;#x20;this&amp;#x20;example,&amp;#x20;we&amp;#x2019;re&amp;#x20;testing&amp;#x20;for&amp;#x20;canvas.&lt;br&gt;&lt;br&gt;Yep&amp;#x20;(yes,&amp;#x20;it&amp;#x20;really&amp;#x20;is&amp;#x20;YEP)&amp;#x20;will&amp;#x20;load&amp;#x20;if&amp;#x20;test&amp;#x20;is&amp;#x20;true,&amp;#x20;or&amp;#x20;in&amp;#x20;other&amp;#x20;words,&amp;#x20;if&amp;#x20;canvas&amp;#x20;is&amp;#x20;available.&lt;br&gt;&lt;br&gt;Nope&amp;#x20;will&amp;#x20;load&amp;#x20;if&amp;#x20;test&amp;#x20;is&amp;#x20;false,&amp;#x20;or&amp;#x20;if&amp;#x20;canvas&amp;#x20;is&amp;#x20;not&amp;#x20;available.&lt;br&gt;&lt;br&gt;So&amp;#x20;with&amp;#x20;nope,&amp;#x20;you&amp;#x20;are&amp;#x20;calling&amp;#x20;a&amp;#x20;polyfill.&amp;#x20;A&amp;#x20;polyfill&amp;#x20;is&amp;#x20;similar&amp;#x20;to&amp;#x20;the&amp;#x20;vendor&amp;#x20;prefixes&amp;#x20;we&amp;#x20;talked&amp;#x20;about&amp;#x20;for&amp;#x20;CSS3.&amp;#x20;Polyfills,&amp;#x20;like&amp;#x20;prefixes,&amp;#x20;will&amp;#x20;provide&amp;#x20;the&amp;#x20;technology&amp;#x20;needed&amp;#x20;for&amp;#x20;the&amp;#x20;browser&amp;#x20;to&amp;#x20;think&amp;#x20;it&amp;#x20;can&amp;#x20;handle&amp;#x20;it&amp;#x20;natively.&amp;#x20;&lt;br&gt;</notes>
			<slideThumbnail url="thumb.swf" frame="8"/>
			<audios id="26" duration=" 76400">
				<media url="a24x26x1.mp3" startMsecs="0" duration="76400" startAtMSecs="0"/>
			</audios>
			<playbackActions></playbackActions>
		</slide>
		<slide id="264" frameRate="30" totalFrames="2583" advance="auto" blockMovement="false" type="normal">
			<content url="Slide9.swf"/>
			<slideBackground index="1" frameToPlay="15" duration="2" showAfterFrame="0"/>
			<flvContents></flvContents>
			<clickAnimations>
				<clickAnimation start="868" end="871"/>
			</clickAnimations>
			<slideTitle>WAI-ARIA</slideTitle>
			<notes isHTML="true">There&amp;#x20;are&amp;#x20;figures&amp;#x20;that&amp;#x20;say&amp;#x20;as&amp;#x20;many&amp;#x20;as&amp;#x20;80%&amp;#x20;of&amp;#x20;web&amp;#x20;sites&amp;#x20;are&amp;#x20;inaccessible.&amp;#x20;And&amp;#x20;sadly,&amp;#x20;a&amp;#x20;poll&amp;#x20;done&amp;#x20;by&amp;#x20;A&amp;#x20;List&amp;#x20;Apart&amp;#x20;in&amp;#x20;2008&amp;#x20;found&amp;#x20;that&amp;#x20;less&amp;#x20;than&amp;#x20;50%&amp;#x20;of&amp;#x20;web&amp;#x20;designers&amp;#x20;and&amp;#x20;developers&amp;#x20;have&amp;#x20;accessibility&amp;#x20;knowledge.&lt;br&gt;&lt;br&gt;The&amp;#x20;ARIA&amp;#x20;established&amp;#x20;guidelines&amp;#x20;to&amp;#x20;help&amp;#x20;make&amp;#x20;dynamic&amp;#x20;content&amp;#x20;and&amp;#x20;advanced&amp;#x20;controls&amp;#x20;for&amp;#x20;web&amp;#x20;applications&amp;#x20;more&amp;#x20;accessible.&amp;#x20;In&amp;#x20;other&amp;#x20;words,&amp;#x20;the&amp;#x20;guidelines&amp;#x20;define&amp;#x20;markup&amp;#x20;attributes&amp;#x20;that&amp;#x20;give&amp;#x20;assistive&amp;#x20;technologies&amp;#x20;the&amp;#x20;information&amp;#x20;they&amp;#x20;need&amp;#x20;to&amp;#x20;make&amp;#x20;web&amp;#x20;applications&amp;#x20;accessible.&lt;br&gt;&lt;br&gt;These&amp;#x20;role&amp;#x20;attributes&amp;#x20;define&amp;#x20;structure&amp;#x20;and&amp;#x20;help&amp;#x20;in&amp;#x20;navigating&amp;#x20;through&amp;#x20;a&amp;#x20;website.&amp;#x20;There&amp;#x20;are&amp;#x20;attribute-value&amp;#x20;pairs&amp;#x20;that&amp;#x20;help&amp;#x20;out&amp;#x20;user&amp;#x20;agents&amp;#x20;by&amp;#x20;giving&amp;#x20;them&amp;#x20;the&amp;#x20;structure&amp;#x20;info&amp;#x20;they&amp;#x20;need.&lt;br&gt;&lt;b&gt;&lt;br&gt;&lt;/b&gt;</notes>
			<slideThumbnail url="thumb.swf" frame="9"/>
			<audios id="19" duration=" 86100">
				<media url="a24x19x1.mp3" startMsecs="0" duration="86100" startAtMSecs="0"/>
			</audios>
			<playbackActions></playbackActions>
		</slide>
		<slide id="265" frameRate="30" totalFrames="2244" advance="auto" blockMovement="false" type="normal">
			<content url="Slide10.swf"/>
			<slideBackground index="1" frameToPlay="17" duration="2" showAfterFrame="0"/>
			<flvContents></flvContents>
			<clickAnimations>
				<clickAnimation start="148" end="151"/>
			</clickAnimations>
			<slideTitle>WAI-ARIA</slideTitle>
			<notes isHTML="true">These&amp;#x20;roles&amp;#x20;are&amp;#x20;considered&amp;#x20;to&amp;#x20;be&amp;#x20;document&amp;#x20;landmarks.&amp;#x20;They&amp;#x20;help&amp;#x20;screen&amp;#x20;readers&amp;#x20;and&amp;#x20;other&amp;#x20;user&amp;#x20;agents&amp;#x20;define&amp;#x20;structure&amp;#x20;and&amp;#x20;provide&amp;#x20;help&amp;#x20;in&amp;#x20;navigating&amp;#x20;through&amp;#x20;a&amp;#x20;website.&amp;#x20;There&amp;#x20;are&amp;#x20;attribute-value&amp;#x20;pairs&amp;#x20;that&amp;#x20;help&amp;#x20;out&amp;#x20;user&amp;#x20;agents&amp;#x20;by&amp;#x20;giving&amp;#x20;them&amp;#x20;the&amp;#x20;structure&amp;#x20;info&amp;#x20;they&amp;#x20;need.&lt;br&gt;&lt;br&gt;The&amp;#x20;application&amp;#x20;role&amp;#x20;is&amp;#x20;unique&amp;#x20;for&amp;#x20;two&amp;#x20;reasons:&amp;#x20;1)&amp;#x20;if&amp;#x20;assigned&amp;#x20;to&amp;#x20;the&amp;#x20;entire&amp;#x20;page,&amp;#x20;it&amp;#x20;is&amp;#x20;not&amp;#x20;treated&amp;#x20;as&amp;#x20;a&amp;#x20;navigational&amp;#x20;landmark&amp;#x20;and&amp;#x20;2)&amp;#x20;it&amp;#x20;tells&amp;#x20;screen&amp;#x20;readers&amp;#x20;to&amp;#x20;switch&amp;#x20;out&amp;#x20;of&amp;#x20;&amp;#x201c;browsing&amp;#x20;mode&amp;#x201d;&amp;#x20;into&amp;#x20;&amp;#x201c;application&amp;#x20;interface&amp;#x20;mode.&amp;#x201d;&lt;br&gt;&lt;br&gt;Article&amp;#x20;content&amp;#x20;should&amp;#x20;make&amp;#x20;sense&amp;#x20;out&amp;#x20;of&amp;#x20;context&amp;#x20;from&amp;#x20;the&amp;#x20;rest&amp;#x20;of&amp;#x20;the&amp;#x20;document.&lt;br&gt;&lt;br&gt;&lt;br&gt;Site-oriented&amp;#x20;content&amp;#x20;examples&amp;#x20;include&amp;#x20;the&amp;#x20;site&amp;#x20;name&amp;#x20;of&amp;#x20;site,&amp;#x20;title,&amp;#x20;or&amp;#x20;the&amp;#x20;logo.&lt;br&gt;</notes>
			<slideThumbnail url="thumb.swf" frame="10"/>
			<audios id="20" duration=" 74800">
				<media url="a24x20x1.mp3" startMsecs="0" duration="74800" startAtMSecs="0"/>
			</audios>
			<playbackActions></playbackActions>
		</slide>
		<slide id="266" frameRate="30" totalFrames="2203.5" advance="auto" blockMovement="false" type="normal">
			<content url="Slide11.swf"/>
			<slideBackground index="1" frameToPlay="19" duration="2" showAfterFrame="0"/>
			<flvContents></flvContents>
			<clickAnimations>
				<clickAnimation start="46" end="49"/>
			</clickAnimations>
			<slideTitle>WAI-ARIA</slideTitle>
			<notes isHTML="true">Meta&amp;#x20;child&amp;#x20;content&amp;#x20;can&amp;#x20;include&amp;#x20;footnotes&amp;#x20;and&amp;#x20;copyrights.&lt;br&gt;&lt;br&gt;There&amp;#x20;also&amp;#x20;are&amp;#x20;widget&amp;#x20;roles,&amp;#x20;which&amp;#x20;describe&amp;#x20;graphical&amp;#x20;user&amp;#x20;interface&amp;#x20;widgets&amp;#x20;and&amp;#x20;other&amp;#x20;elements&amp;#x20;that&amp;#x20;are&amp;#x20;not&amp;#x20;native&amp;#x20;to&amp;#x20;HTML&amp;#x20;but&amp;#x20;are&amp;#x20;common&amp;#x20;on&amp;#x20;a&amp;#x20;desktop.&amp;#x20;Some&amp;#x20;examples&amp;#x20;include&amp;#x20;alert,&amp;#x20;checkbox,&amp;#x20;slider,&amp;#x20;progressbar&amp;#x20;and&amp;#x20;tooltip.&amp;#x20;There&amp;#x20;are&amp;#x20;many,&amp;#x20;many&amp;#x20;of&amp;#x20;these.&amp;#x20;If&amp;#x20;you&amp;#x20;want&amp;#x20;to&amp;#x20;see&amp;#x20;these,&amp;#x20;go&amp;#x20;to&amp;#x20;the&amp;#x20;W3&amp;#x20;site&amp;#x20;and&amp;#x20;in&amp;#x20;the&amp;#x20;search,&amp;#x20;type&amp;#x20;WAI&amp;#x20;ARIA&amp;#x20;roles.&lt;br&gt;&lt;br&gt;</notes>
			<slideThumbnail url="thumb.swf" frame="11"/>
			<audios id="21" duration=" 73450">
				<media url="a24x21x1.mp3" startMsecs="0" duration="73450" startAtMSecs="0"/>
			</audios>
			<playbackActions></playbackActions>
		</slide>
		<slide id="267" frameRate="30" totalFrames="1653.9" advance="auto" blockMovement="false" type="normal">
			<content url="Slide12.swf"/>
			<slideBackground index="1" frameToPlay="21" duration="2" showAfterFrame="0"/>
			<flvContents></flvContents>
			<clickAnimations>
				<clickAnimation start="85" end="100"/>
				<clickAnimation start="153" end="168"/>
			</clickAnimations>
			<slideTitle>WAI-ARIA</slideTitle>
			<notes isHTML="true">It&amp;#x20;looks&amp;#x20;like&amp;#x20;we&amp;#x2019;re&amp;#x20;doubling&amp;#x20;up&amp;#x20;here,&amp;#x20;having&amp;#x20;&amp;lt;nav&amp;gt;&amp;#x20;and&amp;#x20;assigning&amp;#x20;a&amp;#x20;role&amp;#x20;to&amp;#x20;the&amp;#x20;&amp;lt;ul&amp;gt;&amp;#x20;as&amp;#x20;navigation.&amp;#x20;But&amp;#x20;you&amp;#x20;have&amp;#x20;to&amp;#x20;realize&amp;#x20;that&amp;#x20;some&amp;#x20;browsers&amp;#x20;may&amp;#x20;not&amp;#x20;support&amp;#x20;HTML5&amp;#x20;but&amp;#x20;they&amp;#x20;will&amp;#x20;support&amp;#x20;WAI-ARIA&amp;#x20;roles.&lt;br&gt;</notes>
			<slideThumbnail url="thumb.swf" frame="12"/>
			<audios id="22" duration=" 55130">
				<media url="a24x22x1.mp3" startMsecs="0" duration="55130" startAtMSecs="0"/>
			</audios>
			<playbackActions></playbackActions>
		</slide>
		<slide id="269" frameRate="30" totalFrames="1637.3999999999998" advance="auto" blockMovement="false" type="normal">
			<content url="Slide13.swf"/>
			<slideBackground index="1" frameToPlay="23" duration="2" showAfterFrame="0"/>
			<flvContents></flvContents>
			<slideTitle>WAI-ARIA</slideTitle>
			<notes isHTML="true">It&amp;#x2019;s&amp;#x20;very&amp;#x20;easy&amp;#x20;to&amp;#x20;confuse&amp;#x20;the&amp;#x20;HTML5&amp;#x20;elements&amp;#x20;and&amp;#x20;the&amp;#x20;ARIA&amp;#x20;roles.&amp;#x20;The&amp;#x20;perfect&amp;#x20;example&amp;#x20;of&amp;#x20;that&amp;#x20;is&amp;#x20;article&amp;#x20;&amp;#x2013;&amp;#x20;it&amp;#x20;is&amp;#x20;an&amp;#x20;HTML5&amp;#x20;element&amp;#x20;and&amp;#x20;also&amp;#x20;has&amp;#x20;a&amp;#x20;role.&amp;#x20;They&amp;#x20;are&amp;#x20;not&amp;#x20;the&amp;#x20;same.&amp;#x20;This&amp;#x20;chart&amp;#x20;is&amp;#x20;a&amp;#x20;good&amp;#x20;guide&amp;#x20;for&amp;#x20;the&amp;#x20;landmark&amp;#x20;roles&amp;#x20;and&amp;#x20;what&amp;#x20;HTML5&amp;#x20;elements&amp;#x20;you&amp;#x20;could&amp;#x20;assign&amp;#x20;those&amp;#x20;roles&amp;#x20;to.&lt;br&gt;</notes>
			<slideThumbnail url="thumb.swf" frame="13"/>
			<audios id="25" duration=" 54580">
				<media url="a24x25x1.mp3" startMsecs="0" duration="54580" startAtMSecs="0"/>
			</audios>
			<playbackActions></playbackActions>
		</slide>
		<slide id="268" frameRate="30" totalFrames="2957.7000000000003" advance="auto" blockMovement="false" type="normal">
			<content url="Slide14.swf"/>
			<slideBackground index="1" frameToPlay="25" duration="2" showAfterFrame="0"/>
			<flvContents></flvContents>
			<clickAnimations>
				<clickAnimation start="100" end="103"/>
				<clickAnimation start="1485" end="1488"/>
			</clickAnimations>
			<slideTitle>Assignments for Module 2</slideTitle>
			<notes isHTML="true">A&amp;#x20;note&amp;#x20;about&amp;#x20;jQuery:&amp;#x20;You&amp;#x2019;ll&amp;#x20;notice&amp;#x20;that&amp;#x20;for&amp;#x20;the&amp;#x20;most&amp;#x20;part,&amp;#x20;the&amp;#x20;code&amp;#x20;is&amp;#x20;the&amp;#x20;easy&amp;#x20;part.&amp;#x20;It&amp;#x2019;s&amp;#x20;the&amp;#x20;CSS&amp;#x20;that&amp;#x20;you&amp;#x20;write&amp;#x20;to&amp;#x20;style&amp;#x20;it&amp;#x20;that&amp;#x20;takes&amp;#x20;the&amp;#x20;time.&amp;#x20;Take&amp;#x20;that&amp;#x20;into&amp;#x20;consideration&amp;#x20;when&amp;#x20;you&amp;#x20;are&amp;#x20;doing&amp;#x20;the&amp;#x20;assignments.&amp;#x20;And&amp;#x20;speaking&amp;#x20;of&amp;#x20;assignments,&amp;#x20;there&amp;#x20;are&amp;#x20;2&amp;#x20;of&amp;#x20;them&amp;#x20;for&amp;#x20;this&amp;#x20;module.&amp;#x20;Don&amp;#x2019;t&amp;#x20;worry,&amp;#x20;they&amp;#x20;are&amp;#x20;very&amp;#x20;closely&amp;#x20;related.&lt;br&gt;</notes>
			<slideThumbnail url="thumb.swf" frame="14"/>
			<audios id="24" duration=" 98590">
				<media url="a24x24x1.mp3" startMsecs="0" duration="98590" startAtMSecs="0"/>
			</audios>
			<playbackActions></playbackActions>
		</slide>
	</slides>
	<quizzes>
		<reportingOptions isTracked="false"></reportingOptions>
		<quizSettings showQuestionList="true" showScores="true" showPassScore="false" showCurrentScore="false" showQuestionMarks="false" showAttempts="true" showQuizAttempts="false" showQuestionAttempts="false" showQuestionCorrectFeedback="true" showQuestionIncorrectFeedback="true" showQuizNavigationWarning="true"></quizSettings>
		<quiz quizID="10004" title="Quiz" numQuizAttemptsAllowed="1" minScore="0" passingScore="80" percent="true" passingGradeAction="nextSlide" passingGradeActionArg1="" passingGradeActionArg2="" failingGradeAction="nextSlide" failingGradeActionArg1="" failingGradeActionArg2="" questionAdvance="optional" quizAdvance="optional" showProgress="minimal" allowBackwardMovementInQuiz="true" allowReviewMode="true" passedScoreFeedback="Passed" failedScoreFeedback="Failed" shuffleQuestions="0">
			<questiongroups></questiongroups>
		</quiz>
	</quizzes>
	<attachments></attachments>
</presentation>
