<?xml version="1.0" encoding="utf-8"?>
<document-metadata version="1.0" xmlns="http://breeze.macromedia.com/">
	<document-info>
		<title>GIT418_Lecture2a</title>
		<summary></summary>
		<author/>
		<keywords/>
		<thumbnail href="data/thumb/thumb_slide_000001.jpg"/>
		<view-link href="/Viewer.swf?slide={position}"/>
	</document-info>
	<section type="slide" position="1" xmlns="">
		<title>Lecture 2a</title>
		<content>GIT418/598: Multimedia Authoring, Scripting &amp; Production                                                          Lecture 2a jQuery Introduction </content>
		<related-content>&lt;br&gt;</related-content>
		<thumbnail href="data/thumb/thumb_slide_000001.jpg"/>
	</section>
	<section type="slide" position="2" xmlns="">
		<title>What is jQuery?</title>
		<content>GIT418/598: Multimedia Authoring, Scripting &amp; Production                                                          What is jQuery? “jQuery is a fast and concise JavaScript Library that simplifies HTML document traversing, event handling, animating, and Ajax interactions for rapid web development. jQuery is designed to change the way that you write JavaScript.”Source: jQuery.com </content>
		<related-content>2&lt;br&gt;&lt;br&gt;</related-content>
		<thumbnail href="data/thumb/thumb_slide_000002.jpg"/>
	</section>
	<section type="slide" position="3" xmlns="">
		<title>jQuery highlights</title>
		<content>GIT418/598: Multimedia Authoring, Scripting &amp; Production                                                          jQuery highlights jQuery:Is a JavaScript libraryIs cross-browser compatibleIs CSS3 compatibleHas a lightweight footprintIs extendable with hundreds of plugins </content>
		<related-content>3&lt;br&gt;IE 6+, FF 2+, Safari 3+, Opera 9+, Chrome are supported.&lt;br&gt;&lt;br&gt;It also works beautifully with HTML5.&lt;br&gt;&lt;br&gt;It’s one 31k file. That’s tiny!&lt;br&gt;</related-content>
		<thumbnail href="data/thumb/thumb_slide_000003.jpg"/>
	</section>
	<section type="slide" position="4" xmlns="">
		<title>jQuery syntax and code highlights</title>
		<content>GIT418/598: Multimedia Authoring, Scripting &amp; Production                                                          jQuery syntax and code highlights jQuery:Is compatible with JavaScript syntaxUses $ (the dollar sign, not money!) to reference jQuery objectAllows for chaining </content>
		<related-content>4&lt;br&gt;Writing jQuery code is not going to break any JavaScript that exists on your page.&lt;br&gt;&lt;br&gt;We’ll take a look at the dollar sign in a minute. You also could use the word jQuery instead of the dollar sign, but why type five extra characters? It’s a good idea to get into the habit of using that dollar sign.&lt;br&gt;</related-content>
		<thumbnail href="data/thumb/thumb_slide_000004.jpg"/>
	</section>
	<section type="slide" position="5" xmlns="">
		<title>jQuery syntax</title>
		<content>GIT418/598: Multimedia Authoring, Scripting &amp; Production                                                          jQuery syntax $(selector).action()$(“p”).hide(); = hides all paragraphs$(“p.courses”).hide(); = hides all paragraphs with the class “courses” </content>
		<related-content>5&lt;br&gt; The dollar sign defines that it’s jQuery. A selector is something that you will "query (or find)" within HTML elements. jQuery uses CSS selectors, and this allows you to manipulate HTML elements. A jQuery action() is some kind of action to be performed on the element(s).&lt;br&gt;&lt;br&gt;</related-content>
		<thumbnail href="data/thumb/thumb_slide_000005.jpg"/>
	</section>
	<section type="slide" position="6" xmlns="">
		<title>Chaining</title>
		<content>GIT418/598: Multimedia Authoring, Scripting &amp; Production                                                          Chaining Step-by-step:$(document).ready(function() {	    var tooManySteps = 1;	    $('#addastep').click(function() {	      tooManySteps++;	      newid = ’step' + tooManySteps;	      var stepdiv = $('#step1');	      var newstepdiv = stepdiv.clone();	      newstepdiv.attr('id',newid);	      newstepdiv.insertAfter('#addastep');      });  }); </content>
		<related-content>6&lt;br&gt;One great aspect of jQuery is the ability to chain code. Here is an example of some code that goes through each step.&lt;br&gt;&lt;br&gt;So what this code will do is calculate the new "id" string, select the step div to be duplicated, duplicate (clone) the step div, change the id of the new step div, insert the new step div into the document.&lt;br&gt;&lt;br&gt;</related-content>
		<thumbnail href="data/thumb/thumb_slide_000006.jpg"/>
	</section>
	<section type="slide" position="7" xmlns="">
		<title>Chaining</title>
		<content>GIT418/598: Multimedia Authoring, Scripting &amp; Production                                                          Chaining Chained:1	$(document).ready(function() {2	    var tooManySteps = 1;3	    $('#addastep').click(function() {4	      tooManySteps++;5	      newid = 'step' + tooManySteps;6	      $('#step1').clone().attr('id',newid). 
      insertAfter('#addastep');7	  });8	 }); </content>
		<related-content>7&lt;br&gt;So what chaining does is combine steps 6, 7, 8 and 9 from the last slide into one step. Four lines of code into one -- it’s a beautiful thing! The tricky part is keeping track of what chaining you did with what methods.&lt;br&gt;&lt;br&gt;</related-content>
		<thumbnail href="data/thumb/thumb_slide_000007.jpg"/>
	</section>
	<section type="slide" position="8" xmlns="">
		<title>Installing jQuery on site</title>
		<content>GIT418/598: Multimedia Authoring, Scripting &amp; Production                                                          Installing jQuery on site Download jQuery from jQuery.comUpload to your web server“Install” on your webpage&lt;html&gt;   &lt;head&gt;      &lt;title&gt;My Fabulous Webpage&lt;/title&gt;   &lt;/head&gt;   &lt;body&gt;   &lt;script src=”/scripts/jquery.min.js" type="text/javascript"&gt;   &lt;/script&gt;   &lt;/body&gt;&lt;/html&gt; </content>
		<related-content>8&lt;br&gt;The example here is calling the minified, or production, version of jQuery. Minified just means that all unnecessary characters have been removed from the code. It doesn’t change the functionality of the code but just makes it cleaner and a smaller size. This is the one I recommend. It’s the smallest footprint. If you want to play around with developing your own jQuery plugins, then the development copy would work for you. For this course, however, we’re going to work with the production version. Also note that the version you download will have a different file name. The file names include the version number in them. For example, jquery-2.0.3.min.js. It’s up to you whether you want to remove the version number in the file name. Just make sure what you name the file matches what you are calling in your webpage.&lt;br&gt;&lt;br&gt;Also in this example, I put the script in a scripts directory. It’s good practice to keep your files organized by type into directories, so I would recommend creating a directory called  scripts or something else that you’re comfortable with so that files don’t get lost in the root directory. When you have 50 other files in the root directory, finding specific files can be a pain. &lt;br&gt;</related-content>
		<thumbnail href="data/thumb/thumb_slide_000008.jpg"/>
	</section>
	<section type="slide" position="9" xmlns="">
		<title>Installing jQuery on site</title>
		<content>GIT418/598: Multimedia Authoring, Scripting &amp; Production                                                          Installing jQuery on site Test to make sure jQuery works&lt;html&gt;   &lt;head&gt;      &lt;title&gt;My Fabulous Webpage&lt;/title&gt;   &lt;/head&gt;   &lt;body&gt;   &lt;script src=”/scripts/jquery.min.js" type="text/javascript"&gt;&lt;/script&gt;      &lt;script type="text/javascript"&gt;      $(document).ready(function() {         $("body").append("&lt;p&gt;Woo hoo, it works!&lt;/p&gt;")      });   &lt;/script&gt;   &lt;/body&gt;&lt;/html&gt; </content>
		<related-content>9&lt;br&gt;The line of code $(“body”).append is doing what innerHTML does in JavaScript – it is adding content to the page. If the code works, you’ll see the text “Woo hoo, it works!” on the page. If it doesn’t, first check your code for any typing errors. Good places to check are curly braces and parentheses. If everything checks out there, then look at the path you’ve typed for jQuery. Make sure it’s really where the jQuery file is located in your directory structure.&lt;br&gt;&lt;br&gt;A note about that line that starts $(document).ready.function. Technically this is not necessary because since your code is not inside the head but below it, that means the page will load before the script is executed. See, jQuery interacts with the DOM (document object model) -- or in laymen's terms the structure of your HTML page -- and we have to make sure the DOM has loaded completely before we start modifying it. As a good rule of thumb, it’s still a good idea to wrap the jQuery code in $(document).ready(function() {...}); to ensure nothing happens until that document has completely loaded. &lt;br&gt;</related-content>
		<thumbnail href="data/thumb/thumb_slide_000009.jpg"/>
	</section>
	<section type="slide" position="10" xmlns="">
		<title>Events</title>
		<content>GIT418/598: Multimedia Authoring, Scripting &amp; Production                                                          Events Event handlers = bind code to event or objectjQuery gives you the ease of .bind(), .live() </content>
		<related-content>10&lt;br&gt;A quick note on Events. One of the nicest features of jQuery is how easily you can create event handlers. An event handler allows you to bind specific JavaScript or jQuery code to an event on an object. This code can then extend interaction and enhance the user experience. jQuery makes it so that when you create an event handler, the code is unobtrusive. What this means is that all of the code remains in your JavaScript file, and you don’t need to further modify the HTML code.&lt;br&gt;&lt;br&gt;What bind and live do is make it possible for you to add interactivity such as clicking on a link or submitting a form without having to append onClick attributes to elements on your HTML page.&lt;br&gt;</related-content>
		<thumbnail href="data/thumb/thumb_slide_000010.jpg"/>
	</section>
	<section type="slide" position="11" xmlns="">
		<title>Events example</title>
		<content>GIT418/598: Multimedia Authoring, Scripting &amp; Production                                                          Events example Hide paragraph when clicked (CSS &amp; XHTML):    &lt;style&gt;  p { color:red; margin:5px; cursor:pointer; }  p.hilite { background:yellow; }  &lt;/style&gt;  &lt;p&gt;First Paragraph&lt;/p&gt;  &lt;p&gt;Second Paragraph&lt;/p&gt;  &lt;p&gt;Yet one more Paragraph&lt;/p&gt;Source: http://api.jquery.com/click/ </content>
		<related-content>11&lt;br&gt;Normally if you wanted to do some interactivity with these paragraphs, you’d write some functions using JavaScript, then you would have to trigger those functions by adding an onclick in the HTML code. Not with jQuery!&lt;br&gt;</related-content>
		<thumbnail href="data/thumb/thumb_slide_000011.jpg"/>
	</section>
	<section type="slide" position="12" xmlns="">
		<title>Events example</title>
		<content>GIT418/598: Multimedia Authoring, Scripting &amp; Production                                                          Events example Hide paragraph when clicked (jQuery): &lt;script&gt;    $("p").click(function () {       $(this).slideUp();     });    $("p").hover(function () {      $(this).addClass("hilite");    }, function () {      $(this).removeClass("hilite");    });&lt;/script&gt;Source: http://api.jquery.com/click/ </content>
		<related-content>12&lt;br&gt;This is not only an example of an event, it’s an example of filtering. The first part of the code in blue is the click event. It is setting up for a slide up effect when the user clicks on a paragraph. The second part of the code in red is filtering content by hovering. What happens is if the mouse hovers over a paragraph, it will add the class of hilite to it and the line will be highlighted. If the mouse moves away and is no longer hovering over the paragraph, the class of hilite is removed and the yellow line goes away. addClass and removeClass are methods in jQuery that you can manipulate content without having to change your HTML. We’ll talk more about this in a later module.&lt;br&gt;</related-content>
		<thumbnail href="data/thumb/thumb_slide_000012.jpg"/>
	</section>
	<section type="slide" position="13" xmlns="">
		<title>Events/filtering example</title>
		<content>GIT418/598: Multimedia Authoring, Scripting &amp; Production                                                          Events/filtering example     </content>
		<related-content>13&lt;br&gt;It may be hard to see but the first line is highlighted with the yellow, which is the hilite CSS does. When the mouse hovers over, the yellow highlight appears, or the hilite class is added. When the mouse isn’t hovering, the hilite class is removed. &lt;br&gt;&lt;br&gt;Then if you click on First Paragraph, the sentence disappears, which is what the slideUp is doing. It is sliding the words up until they disappear.&lt;br&gt;</related-content>
		<thumbnail href="data/thumb/thumb_slide_000013.jpg"/>
	</section>
	<section type="slide" position="14" xmlns="">
		<title>Document Object Model (DOM)</title>
		<content>GIT418/598: Multimedia Authoring, Scripting &amp; Production                                                          Document Object Model (DOM) DOM = organization/structure of objects and events within web documentEvery object related to document or browsers is part of DOMDOM elements can be manipulated using scripting languages </content>
		<related-content>14&lt;br&gt;There are 3 different levels of the DOM. The first is the basic model, or DOM level 0. This goes all the way back to Netscape Navigator 2, if any of you are old enough to remember that. We’re talking mid 1990s. Back then, really all you could do is modify form elements after the page was loaded. You really couldn’t modify anything after that.&lt;br&gt;&lt;br&gt;DOM level 1 was next and it allowed for support of all elements within HTML and XML. DOM level 2 added an event model that allowed for programs to capture and respond to events happening within the browser. It also added a style model to interact with CSS. The most recent version is DOM level 3, which works with the DTDs and document validation. I’m not so worried about you memorizing the different levels but I do want you to realize that level 3 is the most recent, and with scripting languages such as JavaScript, you can interact with and modify DOM elements.&lt;br&gt;&lt;br&gt;One caveat with the DOM: Different browsers allow for different interactions with the DOM. This makes it difficult to write one piece of code that will work correctly in all browsers. Anyone who has been building websites for a while knows how painful this can be. Internet Explorer can be the most difficult, though Firefox can have its issues. This is why it is imperative that you check your web pages in all of the major browsers. This includes IE, Firefox, Safari and Chrome. &lt;br&gt;</related-content>
		<thumbnail href="data/thumb/thumb_slide_000014.jpg"/>
	</section>
	<section type="slide" position="15" xmlns="">
		<title>Watch Lecture 2b!</title>
		<content>Watch Lecture 2b! Reading and assignment are at the end of Lecture 2b </content>
		<related-content>15&lt;br&gt;&lt;br&gt;</related-content>
		<thumbnail href="data/thumb/thumb_slide_000015.jpg"/>
	</section>
</document-metadata>
