<?xml version="1.0" encoding="utf-8"?>
<presentation width="720" height="540" defaultSlideDuration="5" start="play" buildNum="7.0.7.7746">
	<presentationTitle>GIT418_Lecture2a</presentationTitle>
	<speakers>
		<speaker>
			<name>Deborah Prewitt</name>
		</speaker>
	</speakers>
	<search url="srchdata.xml"/>
	<presentationBg url="bg.swf"/>
	<masters><master url="Master0.swf" id="1" totalFrames="1"><backdrop frameNum="0"/></master></masters>
	<layouts><layout url="Layout0.swf" id="1" totalFrames="1"><backdrop displayBgSp="true"/></layout><layout url="Layout1.swf" id="2" totalFrames="1"><backdrop displayBgSp="true"/></layout></layouts>
	<slides>
		<slide id="256" showInTOC="" inSequence="" frameRate="30" totalFrames="27" swfConvertorEngine="Nova" slideDuration="7.98" advance="auto" blockMovement="false" type="normal">
			<content url="Slide0.swf" id="256"/>
			<backdrop displayBgSp="true"/>
			<master id="1" frameNum="0"/>
			<layout id="1" frameNum="0"/>
			<clickAnimations>
				<click startTime="4900" isStartRelative="false" duration="666"/>
			</clickAnimations>
			<flvContents/>
			<audios id="1" duration=" 7980">
				<media url="a24x1x1.mp3" startMsecs="0" duration="7980" startAtMSecs="0"/>
			</audios>
			<playbackActions></playbackActions>
			<slideTitle>Lecture 2a</slideTitle>
			<notes isHTML="true">&lt;br&gt;</notes>
			<slideThumbnail url="thumb.swf" frame="1"/>
			<slideSpeaker index="0"/>
		</slide>
		<slide id="273" showInTOC="" inSequence="" frameRate="30" totalFrames="18" swfConvertorEngine="Nova" slideDuration="30.69" advance="auto" blockMovement="false" type="normal">
			<content url="Slide1.swf" id="273"/>
			<backdrop displayBgSp="true"/>
			<master id="1" frameNum="0"/>
			<layout id="2" frameNum="0"/>
			<clickAnimations>
				<click startTime="1500" isStartRelative="false" duration="167"/>
				<click startTime="5000" isStartRelative="false" duration="167"/>
			</clickAnimations>
			<flvContents/>
			<audios id="2" duration=" 30690">
				<media url="a24x2x1.mp3" startMsecs="0" duration="30690" startAtMSecs="0"/>
			</audios>
			<playbackActions></playbackActions>
			<slideTitle>What is jQuery?</slideTitle>
			<notes isHTML="true">2&lt;br&gt;&lt;br&gt;</notes>
			<slideThumbnail url="thumb.swf" frame="2"/>
			<slideSpeaker index="0"/>
		</slide>
		<slide id="274" showInTOC="" inSequence="" frameRate="30" totalFrames="12" swfConvertorEngine="Nova" slideDuration="41.71" advance="auto" blockMovement="false" type="normal">
			<content url="Slide2.swf" id="274"/>
			<backdrop displayBgSp="true"/>
			<master id="1" frameNum="0"/>
			<layout id="2" frameNum="0"/>
			<clickAnimations>
				<click startTime="800" isStartRelative="false" duration="167"/>
			</clickAnimations>
			<flvContents/>
			<audios id="3" duration=" 41710">
				<media url="a24x3x1.mp3" startMsecs="0" duration="41710" startAtMSecs="0"/>
			</audios>
			<playbackActions></playbackActions>
			<slideTitle>jQuery highlights</slideTitle>
			<notes isHTML="true">3&lt;br&gt;IE 6+, FF 2+, Safari 3+, Opera 9+, Chrome are supported.&lt;br&gt;&lt;br&gt;It also works beautifully with HTML5.&lt;br&gt;&lt;br&gt;It’s one 31k file. That’s tiny!&lt;br&gt;</notes>
			<slideThumbnail url="thumb.swf" frame="3"/>
			<slideSpeaker index="0"/>
		</slide>
		<slide id="277" showInTOC="" inSequence="" frameRate="30" totalFrames="12" swfConvertorEngine="Nova" slideDuration="38.32" advance="auto" blockMovement="false" type="normal">
			<content url="Slide3.swf" id="277"/>
			<backdrop displayBgSp="true"/>
			<master id="1" frameNum="0"/>
			<layout id="2" frameNum="0"/>
			<clickAnimations>
				<click startTime="600" isStartRelative="false" duration="167"/>
			</clickAnimations>
			<flvContents/>
			<audios id="4" duration=" 38320">
				<media url="a24x4x1.mp3" startMsecs="0" duration="38320" startAtMSecs="0"/>
			</audios>
			<playbackActions></playbackActions>
			<slideTitle>jQuery syntax and code highlights</slideTitle>
			<notes isHTML="true">4&lt;br&gt;Writing jQuery code is not going to break any JavaScript that exists on your page.&lt;br&gt;&lt;br&gt;We’ll take a look at the dollar sign in a minute. You also could use the word jQuery instead of the dollar sign, but why type five extra characters? It’s a good idea to get into the habit of using that dollar sign.&lt;br&gt;</notes>
			<slideThumbnail url="thumb.swf" frame="4"/>
			<slideSpeaker index="0"/>
		</slide>
		<slide id="283" showInTOC="" inSequence="" frameRate="30" totalFrames="12" swfConvertorEngine="Nova" slideDuration="63.29" advance="auto" blockMovement="false" type="normal">
			<content url="Slide4.swf" id="283"/>
			<backdrop displayBgSp="true"/>
			<master id="1" frameNum="0"/>
			<layout id="2" frameNum="0"/>
			<clickAnimations>
				<click startTime="1900" isStartRelative="false" duration="167"/>
			</clickAnimations>
			<flvContents/>
			<audios id="5" duration=" 63290">
				<media url="a24x5x1.mp3" startMsecs="0" duration="63290" startAtMSecs="0"/>
			</audios>
			<playbackActions></playbackActions>
			<slideTitle>jQuery syntax</slideTitle>
			<notes isHTML="true">5&lt;br&gt; The dollar sign defines that it’s jQuery. A selector is something that you will "query (or find)" within HTML elements. jQuery uses CSS selectors, and this allows you to manipulate HTML elements. A jQuery action() is some kind of action to be performed on the element(s).&lt;br&gt;&lt;br&gt;</notes>
			<slideThumbnail url="thumb.swf" frame="5"/>
			<slideSpeaker index="0"/>
		</slide>
		<slide id="275" showInTOC="" inSequence="" frameRate="30" totalFrames="12" swfConvertorEngine="Nova" slideDuration="46.6" advance="auto" blockMovement="false" type="normal">
			<content url="Slide5.swf" id="275"/>
			<backdrop displayBgSp="true"/>
			<master id="1" frameNum="0"/>
			<layout id="2" frameNum="0"/>
			<clickAnimations>
				<click startTime="600" isStartRelative="false" duration="167"/>
			</clickAnimations>
			<flvContents/>
			<audios id="6" duration=" 46600">
				<media url="a24x6x1.mp3" startMsecs="0" duration="46600" startAtMSecs="0"/>
			</audios>
			<playbackActions></playbackActions>
			<slideTitle>Chaining</slideTitle>
			<notes isHTML="true">6&lt;br&gt;One great aspect of jQuery is the ability to chain code. Here is an example of some code that goes through each step.&lt;br&gt;&lt;br&gt;So what this code will do is calculate the new "id" string, select the step div to be duplicated, duplicate (clone) the step div, change the id of the new step div, insert the new step div into the document.&lt;br&gt;&lt;br&gt;</notes>
			<slideThumbnail url="thumb.swf" frame="6"/>
			<slideSpeaker index="0"/>
		</slide>
		<slide id="276" showInTOC="" inSequence="" frameRate="30" totalFrames="12" swfConvertorEngine="Nova" slideDuration="22.72" advance="auto" blockMovement="false" type="normal">
			<content url="Slide6.swf" id="276"/>
			<backdrop displayBgSp="true"/>
			<master id="1" frameNum="0"/>
			<layout id="2" frameNum="0"/>
			<clickAnimations>
				<click startTime="600" isStartRelative="false" duration="167"/>
			</clickAnimations>
			<flvContents/>
			<audios id="7" duration=" 22720">
				<media url="a24x7x1.mp3" startMsecs="0" duration="22720" startAtMSecs="0"/>
			</audios>
			<playbackActions></playbackActions>
			<slideTitle>Chaining</slideTitle>
			<notes isHTML="true">7&lt;br&gt;So what chaining does is combine steps 6, 7, 8 and 9 from the last slide into one step. Four lines of code into one -- it’s a beautiful thing! The tricky part is keeping track of what chaining you did with what methods.&lt;br&gt;&lt;br&gt;</notes>
			<slideThumbnail url="thumb.swf" frame="7"/>
			<slideSpeaker index="0"/>
		</slide>
		<slide id="278" showInTOC="" inSequence="" frameRate="30" totalFrames="24" swfConvertorEngine="Nova" slideDuration="122.03" advance="auto" blockMovement="false" type="normal">
			<content url="Slide7.swf" id="278"/>
			<backdrop displayBgSp="true"/>
			<master id="1" frameNum="0"/>
			<layout id="2" frameNum="0"/>
			<clickAnimations>
				<click startTime="5100" isStartRelative="false" duration="167"/>
				<click startTime="10500" isStartRelative="false" duration="167"/>
				<click startTime="16300" isStartRelative="false" duration="167"/>
			</clickAnimations>
			<flvContents/>
			<audios id="8" duration=" 122030">
				<media url="a24x8x1.mp3" startMsecs="0" duration="70630" startAtMSecs="0"/>
				<media url="a24x8x2.mp3" startMsecs="70630" duration="51400" startAtMSecs="0"/>
			</audios>
			<playbackActions></playbackActions>
			<slideTitle>Installing jQuery on site</slideTitle>
			<notes isHTML="true">8&lt;br&gt;The example here is calling the minified, or production, version of jQuery. Minified just means that all unnecessary characters have been removed from the code. It doesn’t change the functionality of the code but just makes it cleaner and a smaller size. This is the one I recommend. It’s the smallest footprint. If you want to play around with developing your own jQuery plugins, then the development copy would work for you. For this course, however, we’re going to work with the production version. Also note that the version you download will have a different file name. The file names include the version number in them. For example, jquery-2.0.3.min.js. It’s up to you whether you want to remove the version number in the file name. Just make sure what you name the file matches what you are calling in your webpage.&lt;br&gt;&lt;br&gt;Also in this example, I put the script in a scripts directory. It’s good practice to keep your files organized by type into directories, so I would recommend creating a directory called  scripts or something else that you’re comfortable with so that files don’t get lost in the root directory. When you have 50 other files in the root directory, finding specific files can be a pain. &lt;br&gt;</notes>
			<slideThumbnail url="thumb.swf" frame="8"/>
			<slideSpeaker index="0"/>
		</slide>
		<slide id="279" showInTOC="" inSequence="" frameRate="30" totalFrames="12" swfConvertorEngine="Nova" slideDuration="178.6" advance="auto" blockMovement="false" type="normal">
			<content url="Slide8.swf" id="279"/>
			<backdrop displayBgSp="true"/>
			<master id="1" frameNum="0"/>
			<layout id="2" frameNum="0"/>
			<clickAnimations>
				<click startTime="900" isStartRelative="false" duration="167"/>
			</clickAnimations>
			<flvContents/>
			<audios id="9" duration=" 178600">
				<media url="a24x9x1.mp3" startMsecs="0" duration="102280" startAtMSecs="0"/>
				<media url="a24x9x2.mp3" startMsecs="102280" duration="76320" startAtMSecs="0"/>
			</audios>
			<playbackActions></playbackActions>
			<slideTitle>Installing jQuery on site</slideTitle>
			<notes isHTML="true">9&lt;br&gt;The line of code $(“body”).append is doing what innerHTML does in JavaScript – it is adding content to the page. If the code works, you’ll see the text “Woo hoo, it works!” on the page. If it doesn’t, first check your code for any typing errors. Good places to check are curly braces and parentheses. If everything checks out there, then look at the path you’ve typed for jQuery. Make sure it’s really where the jQuery file is located in your directory structure.&lt;br&gt;&lt;br&gt;A note about that line that starts $(document).ready.function. Technically this is not necessary because since your code is not inside the head but below it, that means the page will load before the script is executed. See, jQuery interacts with the DOM (document object model) -- or in laymen's terms the structure of your HTML page -- and we have to make sure the DOM has loaded completely before we start modifying it. As a good rule of thumb, it’s still a good idea to wrap the jQuery code in $(document).ready(function() {...}); to ensure nothing happens until that document has completely loaded. &lt;br&gt;</notes>
			<slideThumbnail url="thumb.swf" frame="9"/>
			<slideSpeaker index="0"/>
		</slide>
		<slide id="280" showInTOC="" inSequence="" frameRate="30" totalFrames="18" swfConvertorEngine="Nova" slideDuration="67.65" advance="auto" blockMovement="false" type="normal">
			<content url="Slide9.swf" id="280"/>
			<backdrop displayBgSp="true"/>
			<master id="1" frameNum="0"/>
			<layout id="2" frameNum="0"/>
			<clickAnimations>
				<click startTime="5300" isStartRelative="false" duration="167"/>
				<click startTime="45200" isStartRelative="false" duration="167"/>
			</clickAnimations>
			<flvContents/>
			<audios id="10" duration=" 67650">
				<media url="a24x10x1.mp3" startMsecs="0" duration="67650" startAtMSecs="0"/>
			</audios>
			<playbackActions></playbackActions>
			<slideTitle>Events</slideTitle>
			<notes isHTML="true">10&lt;br&gt;A quick note on Events. One of the nicest features of jQuery is how easily you can create event handlers. An event handler allows you to bind specific JavaScript or jQuery code to an event on an object. This code can then extend interaction and enhance the user experience. jQuery makes it so that when you create an event handler, the code is unobtrusive. What this means is that all of the code remains in your JavaScript file, and you don’t need to further modify the HTML code.&lt;br&gt;&lt;br&gt;What bind and live do is make it possible for you to add interactivity such as clicking on a link or submitting a form without having to append onClick attributes to elements on your HTML page.&lt;br&gt;</notes>
			<slideThumbnail url="thumb.swf" frame="10"/>
			<slideSpeaker index="0"/>
		</slide>
		<slide id="281" showInTOC="" inSequence="" frameRate="30" totalFrames="12" swfConvertorEngine="Nova" slideDuration="46.23" advance="auto" blockMovement="false" type="normal">
			<content url="Slide10.swf" id="281"/>
			<backdrop displayBgSp="true"/>
			<master id="1" frameNum="0"/>
			<layout id="2" frameNum="0"/>
			<clickAnimations>
				<click startTime="1100" isStartRelative="false" duration="167"/>
			</clickAnimations>
			<flvContents/>
			<audios id="11" duration=" 46230">
				<media url="a24x11x1.mp3" startMsecs="0" duration="28400" startAtMSecs="0"/>
				<media url="a24x11x2.mp3" startMsecs="28400" duration="17830" startAtMSecs="0"/>
			</audios>
			<playbackActions></playbackActions>
			<slideTitle>Events example</slideTitle>
			<notes isHTML="true">11&lt;br&gt;Normally if you wanted to do some interactivity with these paragraphs, you’d write some functions using JavaScript, then you would have to trigger those functions by adding an onclick in the HTML code. Not with jQuery!&lt;br&gt;</notes>
			<slideThumbnail url="thumb.swf" frame="11"/>
			<slideSpeaker index="0"/>
		</slide>
		<slide id="282" showInTOC="" inSequence="" frameRate="30" totalFrames="18" swfConvertorEngine="Nova" slideDuration="35.1" advance="auto" blockMovement="false" type="normal">
			<content url="Slide11.swf" id="282"/>
			<backdrop displayBgSp="true"/>
			<master id="1" frameNum="0"/>
			<layout id="2" frameNum="0"/>
			<clickAnimations>
				<click startTime="600" isStartRelative="false" duration="167"/>
				<click startTime="600" isStartRelative="false" duration="167"/>
			</clickAnimations>
			<flvContents/>
			<audios id="12" duration=" 35100">
				<media url="a24x12x1.mp3" startMsecs="0" duration="35100" startAtMSecs="0"/>
			</audios>
			<playbackActions></playbackActions>
			<slideTitle>Events example</slideTitle>
			<notes isHTML="true">12&lt;br&gt;This is not only an example of an event, it’s an example of filtering. The first part of the code in blue is the click event. It is setting up for a slide up effect when the user clicks on a paragraph. The second part of the code in red is filtering content by hovering. What happens is if the mouse hovers over a paragraph, it will add the class of hilite to it and the line will be highlighted. If the mouse moves away and is no longer hovering over the paragraph, the class of hilite is removed and the yellow line goes away. addClass and removeClass are methods in jQuery that you can manipulate content without having to change your HTML. We’ll talk more about this in a later module.&lt;br&gt;</notes>
			<slideThumbnail url="thumb.swf" frame="12"/>
			<slideSpeaker index="0"/>
		</slide>
		<slide id="286" showInTOC="" inSequence="" frameRate="30" totalFrames="12" swfConvertorEngine="Nova" slideDuration="53.01" advance="auto" blockMovement="false" type="normal">
			<content url="Slide12.swf" id="286"/>
			<backdrop displayBgSp="true"/>
			<master id="1" frameNum="0"/>
			<layout id="2" frameNum="0"/>
			<clickAnimations>
				<click startTime="0" isStartRelative="false" duration="167"/>
			</clickAnimations>
			<flvContents/>
			<audios id="13" duration=" 53010">
				<media url="a24x13x1.mp3" startMsecs="0" duration="53010" startAtMSecs="0"/>
			</audios>
			<playbackActions></playbackActions>
			<slideTitle>Events/filtering example</slideTitle>
			<notes isHTML="true">13&lt;br&gt;It may be hard to see but the first line is highlighted with the yellow, which is the hilite CSS does. When the mouse hovers over, the yellow highlight appears, or the hilite class is added. When the mouse isn’t hovering, the hilite class is removed. &lt;br&gt;&lt;br&gt;Then if you click on First Paragraph, the sentence disappears, which is what the slideUp is doing. It is sliding the words up until they disappear.&lt;br&gt;</notes>
			<slideThumbnail url="thumb.swf" frame="13"/>
		</slide>
		<slide id="284" showInTOC="" inSequence="" frameRate="30" totalFrames="24" swfConvertorEngine="Nova" slideDuration="147.12" advance="auto" blockMovement="false" type="normal">
			<content url="Slide13.swf" id="284"/>
			<backdrop displayBgSp="true"/>
			<master id="1" frameNum="0"/>
			<layout id="2" frameNum="0"/>
			<clickAnimations>
				<click startTime="2600" isStartRelative="false" duration="167"/>
				<click startTime="14000" isStartRelative="false" duration="167"/>
				<click startTime="22900" isStartRelative="false" duration="167"/>
			</clickAnimations>
			<flvContents/>
			<audios id="15" duration=" 147120">
				<media url="a24x15x1.mp3" startMsecs="0" duration="147120" startAtMSecs="0"/>
			</audios>
			<playbackActions></playbackActions>
			<slideTitle>Document Object Model (DOM)</slideTitle>
			<notes isHTML="true">14&lt;br&gt;There are 3 different levels of the DOM. The first is the basic model, or DOM level 0. This goes all the way back to Netscape Navigator 2, if any of you are old enough to remember that. We’re talking mid 1990s. Back then, really all you could do is modify form elements after the page was loaded. You really couldn’t modify anything after that.&lt;br&gt;&lt;br&gt;DOM level 1 was next and it allowed for support of all elements within HTML and XML. DOM level 2 added an event model that allowed for programs to capture and respond to events happening within the browser. It also added a style model to interact with CSS. The most recent version is DOM level 3, which works with the DTDs and document validation. I’m not so worried about you memorizing the different levels but I do want you to realize that level 3 is the most recent, and with scripting languages such as JavaScript, you can interact with and modify DOM elements.&lt;br&gt;&lt;br&gt;One caveat with the DOM: Different browsers allow for different interactions with the DOM. This makes it difficult to write one piece of code that will work correctly in all browsers. Anyone who has been building websites for a while knows how painful this can be. Internet Explorer can be the most difficult, though Firefox can have its issues. This is why it is imperative that you check your web pages in all of the major browsers. This includes IE, Firefox, Safari and Chrome. &lt;br&gt;</notes>
			<slideThumbnail url="thumb.swf" frame="14"/>
			<slideSpeaker index="0"/>
		</slide>
		<slide id="285" showInTOC="" inSequence="" frameRate="30" totalFrames="27" swfConvertorEngine="Nova" slideDuration="21.34" advance="auto" blockMovement="false" type="normal">
			<content url="Slide14.swf" id="285"/>
			<backdrop displayBgSp="true"/>
			<master id="1" frameNum="0"/>
			<layout id="2" frameNum="0"/>
			<clickAnimations>
				<click startTime="2500" isStartRelative="false" duration="666"/>
			</clickAnimations>
			<flvContents/>
			<audios id="14" duration=" 21340">
				<media url="a24x14x1.mp3" startMsecs="0" duration="21340" startAtMSecs="0"/>
			</audios>
			<playbackActions></playbackActions>
			<slideTitle>Watch Lecture 2b!</slideTitle>
			<notes isHTML="true">15&lt;br&gt;&lt;br&gt;</notes>
			<slideThumbnail url="thumb.swf" frame="15"/>
		</slide>
	</slides>
	<quizzes>
		<reportingOptions isTracked="false"></reportingOptions>
		<quizSettings showQuestionList="true" showScores="true" showPassScore="false" showCurrentScore="false" showQuestionMarks="false" showAttempts="true" showQuizAttempts="false" showQuestionAttempts="false" showQuestionCorrectFeedback="true" showQuestionIncorrectFeedback="true" showQuizNavigationWarning="true"></quizSettings>
		<quiz quizID="10004" title="Quiz" numQuizAttemptsAllowed="1" minScore="0" passingScore="80" percent="true" passingGradeAction="nextSlide" passingGradeActionArg1="" passingGradeActionArg2="" failingGradeAction="nextSlide" failingGradeActionArg1="" failingGradeActionArg2="" questionAdvance="optional" quizAdvance="optional" showProgress="minimal" allowBackwardMovementInQuiz="true" allowReviewMode="true" passedScoreFeedback="Passed" failedScoreFeedback="Failed" shuffleQuestions="0">
			<questiongroups></questiongroups>
		</quiz>
	</quizzes>
	<attachments></attachments>
</presentation>
