<?xml version="1.0" encoding="utf-8"?>
<document-metadata version="1.0" xmlns="http://breeze.macromedia.com/">
	<document-info>
		<title>GIT418_Lecture1a</title>
		<summary></summary>
		<author/>
		<keywords/>
		<thumbnail href="data/thumb/thumb_slide_000001.jpg"/><view-link href="/Viewer.swf?slide={position}"/>
	</document-info>
	<section type="slide" position="1" xmlns="">
		<title>Lecture 1a </title>
		<content>GIT418/598: Multimedia Authoring, Scripting &amp; Production                                                         1 Lecture 1a Course Introduction &amp; Branding Primer </content>
		<related-content></related-content>
		<thumbnail href="data/thumb/thumb_slide_000001.jpg"/></section>
	<section type="slide" position="2" xmlns="">
		<title>What this course is about </title>
		<content>GIT418/598: Multimedia Authoring, Scripting &amp; Production                                                         2 What this course is about Using HTML5 and CSS3 to create websites and multimedia projects Using object-oriented programming to add interactivity to websites Learning about jQuery Making decisions on content design based on branding </content>
		<related-content></related-content>
		<thumbnail href="data/thumb/thumb_slide_000002.jpg"/></section>
	<section type="slide" position="3" xmlns="">
		<title>What this course is not about </title>
		<content>GIT418/598: Multimedia Authoring, Scripting &amp; Production                                                         3 What this course is not about This is not a Flash or ActionScript class This is not a gaming class </content>
		<related-content></related-content>
		<thumbnail href="data/thumb/thumb_slide_000003.jpg"/></section>
	<section type="slide" position="4" xmlns="">
		<title>Modules </title>
		<content>GIT418/598: Multimedia Authoring, Scripting &amp; Production                                                         4 Modules Modules are posted by 7:00am Mondays Each module contains  lecture presentation required reading assignment and due date discussion board activities examples </content>
		<related-content></related-content>
		<thumbnail href="data/thumb/thumb_slide_000004.jpg"/></section>
	<section type="slide" position="5" xmlns="">
		<title>How lectures will work </title>
		<content>GIT418/598: Multimedia Authoring, Scripting &amp; Production                                                         5 How lectures will work Lectures are moderated Flash files PDF of lecture slides on individual module pages </content>
		<related-content></related-content>
		<thumbnail href="data/thumb/thumb_slide_000005.jpg"/></section>
	<section type="slide" position="6" xmlns="">
		<title>How required reading will work </title>
		<content>GIT418/598: Multimedia Authoring, Scripting &amp; Production                                                         6 How required reading will work Reading/viewing Books available for free through ASU’s online collection Additional online material Exercises/tutorials </content>
		<related-content></related-content>
		<thumbnail href="data/thumb/thumb_slide_000006.jpg"/></section>
	<section type="slide" position="7" xmlns="">
		<title>How discussion board will work </title>
		<content>GIT418/598: Multimedia Authoring, Scripting &amp; Production                                                         7 How discussion board will work Discussion board activities: Post assignments Comment on classmates’ posts Thoughtful posts and thoughtful comments! Be respectful of your fellow classmates! </content>
		<related-content></related-content>
		<thumbnail href="data/thumb/thumb_slide_000007.jpg"/></section>
	<section type="slide" position="8" xmlns="">
		<title>How assignments will work </title>
		<content>GIT418/598: Multimedia Authoring, Scripting &amp; Production                                                         8 How assignments will work Assignments correspond with modules Most assignments will require you to: Post link to page to Discussion Board Submit ZIP with associated files to Assignments link Assignments are due by 11:59pm on the date listed on module’s Assignment page </content>
		<related-content></related-content>
		<thumbnail href="data/thumb/thumb_slide_000008.jpg"/></section>
	<section type="slide" position="9" xmlns="">
		<title>Grades and deadlines </title>
		<content>GIT418/598: Multimedia Authoring, Scripting &amp; Production                                                         9 Grades and deadlines Grade is based on assignments and discussion board activities Deadlines are strict -- for every 24 hours missed, one letter grade is removed If you have a valid reason for missing a deadline, let me know at least 24 hours in advance </content>
		<related-content></related-content>
		<thumbnail href="data/thumb/thumb_slide_000009.jpg"/></section>
	<section type="slide" position="10" xmlns="">
		<title>Visual design </title>
		<content>Visual design Visual design = the aesthetics, or pleasing appearance, of a web site Color Layout Fonts Graphics Forms Navigation </content>
		<related-content>Aesthetics&amp;#x20;of&amp;#x20;a&amp;#x20;web&amp;#x20;site&amp;#x20;includes&amp;#x20;any&amp;#x20;visual&amp;#x20;characteristics.&amp;#x20;A&amp;#x20;site&amp;#x20;with&amp;#x20;low&amp;#x20;aesthetics&amp;#x20;will&amp;#x20;not&amp;#x20;be&amp;#x20;visited.&lt;br&gt;&lt;br&gt;Visual&amp;#x20;design&amp;#x20;should&amp;#x20;be&amp;#x20;aesthetically&amp;#x20;pleasing,&amp;#x20;provide&amp;#x20;a&amp;#x20;unique&amp;#x20;user&amp;#x20;experience,&amp;#x20;and&amp;#x20;be&amp;#x20;evocative.&amp;#x20;Evocative&amp;#x20;means&amp;#x20;evoking&amp;#x20;an&amp;#x20;emotion&amp;#x20;in&amp;#x20;the&amp;#x20;user,&amp;#x20;such&amp;#x20;as&amp;#x20;a&amp;#x20;call&amp;#x20;to&amp;#x20;action&amp;#x20;like&amp;#x20;ordering&amp;#x20;a&amp;#x20;product&amp;#x20;or&amp;#x20;volunteering&amp;#x20;for&amp;#x20;a&amp;#x20;nonprofit&amp;#x20;organization.&lt;br&gt;&lt;br&gt;Basically&amp;#x20;a&amp;#x20;page&amp;#x20;must&amp;#x20;find&amp;#x20;visual&amp;#x20;harmony.&lt;br&gt;&lt;br&gt;</related-content>
		<thumbnail href="data/thumb/thumb_slide_000010.jpg"/></section>
	<section type="slide" position="11" xmlns="">
		<title>Visual harmony </title>
		<content>Visual harmony The art of finding a balance between visual serenity and stimulation Your goal is to make page look: Simple Uncluttered  Organized </content>
		<related-content>If&amp;#x20;a&amp;#x20;page&amp;#x20;has&amp;#x20;too&amp;#x20;much&amp;#x20;visual&amp;#x20;stimulation,&amp;#x20;it&amp;#x20;can&amp;#x20;appear&amp;#x20;chaotic&amp;#x20;to&amp;#x20;the&amp;#x20;visitor.&amp;#x20;If&amp;#x20;it&amp;#x20;is&amp;#x20;visually&amp;#x20;serene,&amp;#x20;it&amp;#x20;could&amp;#x20;be&amp;#x20;seen&amp;#x20;as&amp;#x20;boring.&amp;#x20;&lt;br&gt;</related-content>
		<thumbnail href="data/thumb/thumb_slide_000011.jpg"/></section>
	<section type="slide" position="12" xmlns="">
		<title>Visual harmony… NOT! </title>
		<content>&lt; GIT337: Web Content Design &gt;                                                                                                                                12 Visual harmony… NOT! </content>
		<related-content>How&amp;#x20;does&amp;#x20;this&amp;#x20;site&amp;#x20;strike&amp;#x20;you?&amp;#x20;Where&amp;#x20;does&amp;#x20;your&amp;#x20;eye&amp;#x20;go?&amp;#x20;What&amp;#x20;is&amp;#x20;the&amp;#x20;most&amp;#x20;important&amp;#x20;thing&amp;#x20;on&amp;#x20;the&amp;#x20;page?&lt;br&gt;&lt;br&gt;And&amp;#x20;this&amp;#x20;is&amp;#x20;a&amp;#x20;real&amp;#x20;site&amp;#x20;that&amp;#x2019;s&amp;#x20;still&amp;#x20;looking&amp;#x20;like&amp;#x20;this.&amp;#x20;Type&amp;#x20;in&amp;#x20;Martinsburg&amp;#x20;Police&amp;#x20;Department&amp;#x20;in&amp;#x20;Google&amp;#x20;and&amp;#x20;you&amp;#x2019;ll&amp;#x20;find&amp;#x20;it.&lt;br&gt;</related-content>
		<thumbnail href="data/thumb/thumb_slide_000012.jpg"/></section>
	<section type="slide" position="13" xmlns="">
		<title>Visual harmony – ahhh… </title>
		<content>Visual harmony – ahhh… GIT418/598: Multimedia Authoring, Scripting &amp; Production                                                         13 </content>
		<related-content>Quite&amp;#x20;a&amp;#x20;contrast&amp;#x20;to&amp;#x20;the&amp;#x20;last&amp;#x20;one,&amp;#x20;isn&amp;#x2019;t&amp;#x20;it?&amp;#x20;Your&amp;#x20;eye&amp;#x20;immediately&amp;#x20;goes&amp;#x20;to&amp;#x20;the&amp;#x20;most&amp;#x20;important&amp;#x20;elements&amp;#x20;first,&amp;#x20;which&amp;#x20;are&amp;#x20;the&amp;#x20;tagline&amp;#x20;&amp;#x201c;remember&amp;#x20;everything&amp;#x201d;&amp;#x20;and&amp;#x20;the&amp;#x20;icons,&amp;#x20;which&amp;#x20;show&amp;#x20;the&amp;#x20;versatility&amp;#x20;of&amp;#x20;the&amp;#x20;program.&lt;br&gt;</related-content>
		<thumbnail href="data/thumb/thumb_slide_000013.jpg"/></section>
	<section type="slide" position="14" xmlns="">
		<title>How to achieve visual harmony </title>
		<content>How to achieve visual harmony Limit number of elements on page Create visual continuity by repeating layouts, navigation, graphic styles, color schemes Align outside edges of elements </content>
		<related-content>If&amp;#x20;you&amp;#x20;have&amp;#x20;too&amp;#x20;many&amp;#x20;elements&amp;#x20;on&amp;#x20;the&amp;#x20;page,&amp;#x20;the&amp;#x20;visitor&amp;#x20;will&amp;#x20;not&amp;#x20;know&amp;#x20;where&amp;#x20;to&amp;#x20;look&amp;#x20;and&amp;#x20;what&amp;#x20;you&amp;#x20;want&amp;#x20;them&amp;#x20;to&amp;#x20;concentrate&amp;#x20;on&amp;#x20;may&amp;#x20;get&amp;#x20;lost.&lt;br&gt;&lt;br&gt;Visual&amp;#x20;continuity&amp;#x20;is&amp;#x20;especially&amp;#x20;important&amp;#x20;with&amp;#x20;branding.&amp;#x20;&lt;br&gt;&lt;br&gt;This&amp;#x20;example&amp;#x20;shows&amp;#x20;how&amp;#x20;continuity&amp;#x20;can&amp;#x20;be&amp;#x20;used&amp;#x20;in&amp;#x20;shapes&amp;#x20;and&amp;#x20;color.&amp;#x20;The&amp;#x20;white&amp;#x20;headings&amp;#x20;stand&amp;#x20;out,&amp;#x20;and&amp;#x20;the&amp;#x20;shapes&amp;#x20;are&amp;#x20;columns,&amp;#x20;three&amp;#x20;columns&amp;#x20;that&amp;#x20;carry&amp;#x20;throughout&amp;#x20;the&amp;#x20;header&amp;#x20;and&amp;#x20;content&amp;#x20;areas.&lt;br&gt;</related-content>
		<thumbnail href="data/thumb/thumb_slide_000014.jpg"/></section>
	<section type="slide" position="15" xmlns="">
		<title>How to achieve visual harmony </title>
		<content>How to achieve visual harmony Create visual adhesives Create visual hierarchy with contrast (different font sizes, colors, shapes, lines) </content>
		<related-content>Visual&amp;#x20;adhesives&amp;#x20;are&amp;#x20;elements&amp;#x20;that&amp;#x20;holds&amp;#x20;content&amp;#x20;together&amp;#x20;aesthetically.&amp;#x20;These&amp;#x20;can&amp;#x20;include&amp;#x20;headings,&amp;#x20;lists,&amp;#x20;indenting&amp;#x20;text,&amp;#x20;spacing,&amp;#x20;using&amp;#x20;similar&amp;#x20;colors&amp;#x20;or&amp;#x20;fonts,&amp;#x20;rules&amp;#x20;or&amp;#x20;lines,&amp;#x20;background&amp;#x20;colors.&lt;br&gt;&lt;br&gt;This&amp;#x20;example&amp;#x20;shows&amp;#x20;contrast&amp;#x20;with&amp;#x20;color,&amp;#x20;shapes&amp;#x20;and&amp;#x20;font&amp;#x20;sizes.&amp;#x20;The&amp;#x20;orange&amp;#x20;and&amp;#x20;black&amp;#x20;are&amp;#x20;a&amp;#x20;good&amp;#x20;contrast.&amp;#x20;And&amp;#x20;if&amp;#x20;you&amp;#x20;print&amp;#x20;this&amp;#x20;out&amp;#x20;black&amp;#x20;and&amp;#x20;white,&amp;#x20;you&amp;#x20;will&amp;#x20;see&amp;#x20;that&amp;#x20;it&amp;#x20;will&amp;#x20;be&amp;#x20;viewable&amp;#x20;by&amp;#x20;someone&amp;#x20;who&amp;#x20;is&amp;#x20;red-green&amp;#x20;color&amp;#x20;blind&amp;#x20;or&amp;#x20;has&amp;#x20;low&amp;#x20;vision.&amp;#x20;That&amp;apos;s&amp;#x20;one&amp;#x20;of&amp;#x20;the&amp;#x20;best&amp;#x20;ways&amp;#x20;to&amp;#x20;make&amp;#x20;sure&amp;#x20;you&amp;#x20;have&amp;#x20;enough&amp;#x20;contrast,&amp;#x20;especially&amp;#x20;with&amp;#x20;text&amp;#x20;on&amp;#x20;a&amp;#x20;color&amp;#x20;background.&amp;#x20;Print&amp;#x20;it&amp;#x20;out&amp;#x20;in&amp;#x20;black&amp;#x20;and&amp;#x20;white.&amp;#x20;If&amp;#x20;you&amp;#x20;can&amp;#x20;see&amp;#x20;everything,&amp;#x20;then&amp;#x20;it&amp;#x20;should&amp;#x20;be&amp;#x20;OK.&lt;br&gt;</related-content>
		<thumbnail href="data/thumb/thumb_slide_000015.jpg"/></section>
	<section type="slide" position="16" xmlns="">
		<title>How to achieve visual harmony </title>
		<content>How to achieve visual harmony Organize related content into chunks Don’t be afraid to use white space </content>
		<related-content>Chunks&amp;#x20;are&amp;#x20;groups&amp;#x20;of&amp;#x20;related&amp;#x20;elements.&amp;#x20;This&amp;#x20;can&amp;#x20;help&amp;#x20;the&amp;#x20;visitor&amp;#x20;find&amp;#x20;what&amp;#x20;they&amp;#x20;want&amp;#x20;more&amp;#x20;quickly.&lt;br&gt;&lt;br&gt;White&amp;#x20;space&amp;#x20;doesn&amp;#x2019;t&amp;#x20;necessarily&amp;#x20;mean&amp;#x20;it&amp;#x2019;s&amp;#x20;white&amp;#x20;in&amp;#x20;color.&amp;#x20;It&amp;#x20;can&amp;#x20;be&amp;#x20;any&amp;#x20;color&amp;#x20;--&amp;#x20;it&amp;#x2019;s&amp;#x20;the&amp;#x20;space&amp;#x20;around&amp;#x20;elements&amp;#x20;that&amp;#x20;allows&amp;#x20;the&amp;#x20;visitor&amp;#x2019;s&amp;#x20;eyes&amp;#x20;to&amp;#x20;&amp;#x201c;rest&amp;#x201d;.&amp;#x20;This&amp;#x20;example&amp;#x20;really&amp;#x20;shows&amp;#x20;white&amp;#x20;space&amp;#x20;--&amp;#x20;literally&amp;#x20;white&amp;#x20;space&amp;#x20;this&amp;#x20;time&amp;#x20;--&amp;#x20;and&amp;#x20;it&amp;#x20;draws&amp;#x20;the&amp;#x20;eye.&lt;br&gt;</related-content>
		<thumbnail href="data/thumb/thumb_slide_000016.jpg"/></section>
	<section type="slide" position="17" xmlns="">
		<title>How to achieve visual harmony </title>
		<content>How to achieve visual harmony Decide on visual balance Symmetrical Asymmetrical Unbalanced Decide on area of focus Dead-center Rule of thirds </content>
		<related-content>Symmetrical&amp;#x20;balance&amp;#x20;is&amp;#x20;where&amp;#x20;elements&amp;#x20;are&amp;#x20;placed&amp;#x20;equally&amp;#x20;in&amp;#x20;the&amp;#x20;layout,&amp;#x20;evenly&amp;#x20;dividing&amp;#x20;a&amp;#x20;page.&amp;#x20;Be&amp;#x20;careful&amp;#x20;with&amp;#x20;this&amp;#x20;one;&amp;#x20;it&amp;#x20;can&amp;#x20;make&amp;#x20;a&amp;#x20;page&amp;#x20;appear&amp;#x20;boring.&amp;#x20;&lt;br&gt;&lt;br&gt;Asymmetrical&amp;#x20;balance&amp;#x20;is&amp;#x20;more&amp;#x20;eye-catching;&amp;#x20;it&amp;#x20;might&amp;#x20;have&amp;#x20;one&amp;#x20;large&amp;#x20;graphic&amp;#x20;on&amp;#x20;one&amp;#x20;side&amp;#x20;of&amp;#x20;the&amp;#x20;page,&amp;#x20;and&amp;#x20;the&amp;#x20;other&amp;#x20;side&amp;#x20;is&amp;#x20;balanced&amp;#x20;with&amp;#x20;several&amp;#x20;smaller&amp;#x20;graphics.&amp;#x20;&lt;br&gt;&lt;br&gt;Unbalanced&amp;#x20;can&amp;#x20;create&amp;#x20;a&amp;#x20;strong,&amp;#x20;edgy&amp;#x20;mood.&amp;#x20;Be&amp;#x20;careful&amp;#x20;with&amp;#x20;this&amp;#x20;one,&amp;#x20;too.&amp;#x20;Creating&amp;#x20;too&amp;#x20;much&amp;#x20;unbalance&amp;#x20;can&amp;#x20;make&amp;#x20;the&amp;#x20;page&amp;#x20;appear&amp;#x20;chaotic.&lt;br&gt;&lt;br&gt;Putting&amp;#x20;the&amp;#x20;area&amp;#x20;of&amp;#x20;focus&amp;#x20;dead-center&amp;#x20;can&amp;#x20;do&amp;#x20;what&amp;#x20;symmetry&amp;#x20;does&amp;#x20;--&amp;#x20;it&amp;#x20;can&amp;#x20;make&amp;#x20;the&amp;#x20;page&amp;#x20;look&amp;#x20;boring.&amp;#x20;As&amp;#x20;with&amp;#x20;graphic&amp;#x20;design,&amp;#x20;the&amp;#x20;rule&amp;#x20;of&amp;#x20;thirds&amp;#x20;is&amp;#x20;a&amp;#x20;good&amp;#x20;rule&amp;#x20;of&amp;#x20;thumb.&amp;#x20;Divide&amp;#x20;the&amp;#x20;page&amp;#x20;into&amp;#x20;thirds&amp;#x20;both&amp;#x20;horizontally&amp;#x20;and&amp;#x20;vertically,&amp;#x20;and&amp;#x20;use&amp;#x20;one&amp;#x20;of&amp;#x20;the&amp;#x20;points&amp;#x20;where&amp;#x20;two&amp;#x20;lines&amp;#x20;intersect&amp;#x20;as&amp;#x20;the&amp;#x20;middle.&lt;br&gt;&lt;br&gt;This&amp;#x20;image&amp;#x20;shows&amp;#x20;the&amp;#x20;rule&amp;#x20;of&amp;#x20;thirds&amp;#x20;&amp;#x2013;&amp;#x20;look&amp;#x20;where&amp;#x20;the&amp;#x20;dome&amp;#x20;and&amp;#x20;spire&amp;#x20;are&amp;#x20;in&amp;#x20;the&amp;#x20;photo.&lt;br&gt;</related-content>
		<thumbnail href="data/thumb/thumb_slide_000017.jpg"/></section>
	<section type="slide" position="18" xmlns="">
		<title>How to achieve visual harmony </title>
		<content>How to achieve visual harmony Utilize the golden-mean rectangle Also known as Golden ratio in graphic design Most visually appealing to visitors Height to width ratio is  1 to 1.6 </content>
		<related-content></related-content>
		<thumbnail href="data/thumb/thumb_slide_000018.jpg"/></section>
	<section type="slide" position="19" xmlns="">
		<title>Branding </title>
		<content>Branding Visual design of a site should provide consistency and identity throughout Branding = overall impression a product or organization makes Effective branding on web site creates a "sense of place" and credibility </content>
		<related-content>The&amp;#x20;decisions&amp;#x20;you&amp;#x20;make&amp;#x20;about&amp;#x20;visual&amp;#x20;design&amp;#x20;and&amp;#x20;visual&amp;#x20;harmony&amp;#x20;have&amp;#x20;to&amp;#x20;take&amp;#x20;the&amp;#x20;company&amp;#x2019;s&amp;#x20;brand&amp;#x20;into&amp;#x20;consideration.&lt;br&gt;&lt;br&gt;Think&amp;#x20;about&amp;#x20;the&amp;#x20;following&amp;#x20;companies:&amp;#x20;Apple,&amp;#x20;Coca-Cola,&amp;#x20;Nike.&amp;#x20;I&amp;#x2019;m&amp;#x20;willing&amp;#x20;to&amp;#x20;bet&amp;#x20;all&amp;#x20;of&amp;#x20;you&amp;#x20;can&amp;#x20;think&amp;#x20;of&amp;#x20;at&amp;#x20;least&amp;#x20;one&amp;#x20;thing&amp;#x20;about&amp;#x20;each&amp;#x20;of&amp;#x20;those&amp;#x20;company&amp;#x20;that&amp;#x20;is&amp;#x20;memorable&amp;#x20;to&amp;#x20;you.&amp;#x20;A&amp;#x20;logo,&amp;#x20;a&amp;#x20;color,&amp;#x20;a&amp;#x20;commercial&amp;#x2026;&amp;#x20;All&amp;#x20;of&amp;#x20;these&amp;#x20;companies&amp;#x20;have&amp;#x20;created&amp;#x20;a&amp;#x20;memorable&amp;#x20;identity&amp;#x20;through&amp;#x20;effective&amp;#x20;branding.&lt;br&gt;</related-content>
		<thumbnail href="data/thumb/thumb_slide_000019.jpg"/></section>
	<section type="slide" position="20" xmlns="">
		<title>Branding </title>
		<content>Branding Everything about visual design needs to be considered in branding:  Color Layout  Fonts  Graphics  Forms  Navigation  </content>
		<related-content>Everything&amp;#x20;about&amp;#x20;visual&amp;#x20;design&amp;#x20;needs&amp;#x20;to&amp;#x20;be&amp;#x20;considered&amp;#x20;in&amp;#x20;branding:&amp;#x20;&lt;br&gt;Color&amp;#x20;&amp;#x2013;&amp;#x20;Consistent&amp;#x20;colors&amp;#x20;throughout&lt;br&gt;Layout&amp;#x20;-&amp;#x20;&amp;#x20;Layout&amp;#x20;should&amp;#x20;be&amp;#x20;very&amp;#x20;similar&amp;#x20;throughout&lt;br&gt;Fonts&amp;#x20;-&amp;#x20;&amp;#x20;What&amp;#x20;fonts&amp;#x20;best&amp;#x20;represent&amp;#x20;the&amp;#x20;brand?&lt;br&gt;Graphics&amp;#x20;&amp;#x2013;&amp;#x20;Not&amp;#x20;only&amp;#x20;the&amp;#x20;type&amp;#x20;of&amp;#x20;graphics&amp;#x20;but&amp;#x20;the&amp;#x20;way&amp;#x20;in&amp;#x20;which&amp;#x20;they&amp;#x20;are&amp;#x20;displayed.&lt;br&gt;Forms&amp;#x20;&amp;#x2013;&amp;#x20;All&amp;#x20;forms&amp;#x20;on&amp;#x20;the&amp;#x20;site&amp;#x20;have&amp;#x20;the&amp;#x20;same&amp;#x20;look&amp;#x20;and&amp;#x20;feel.&lt;br&gt;Navigation&amp;#x20;&amp;#x2013;&amp;#x20;Navigational&amp;#x20;items&amp;#x20;are&amp;#x20;consistent&amp;#x20;in&amp;#x20;wording&amp;#x20;and&amp;#x20;placement&amp;#x20;throughout.&lt;br&gt;&lt;br&gt;</related-content>
		<thumbnail href="data/thumb/thumb_slide_000020.jpg"/></section>
	<section type="slide" position="21" xmlns="">
		<title>Watch Lecture 1b! </title>
		<content>Watch Lecture 1b! Reading and assignment are at the end of Lecture 1b </content>
		<related-content></related-content>
		<thumbnail href="data/thumb/thumb_slide_000021.jpg"/></section>
</document-metadata>
