<?xml version="1.0" encoding="utf-8"?>
<presentation width="720" height="540" start="play" buildNum="7.0.7.7746">
	<presentationTitle>GIT418_Lecture1a</presentationTitle>
	<speakers>
		<speaker>
			<name>Deborah Prewitt</name>
		</speaker>
	</speakers>
	<backgrounds>
		<background url="Master80000182.swf"/>
		<background url="Master80000188.swf"/>
		<background url="Master80000183.swf"/>
	</backgrounds>
	<search url="srchdata.xml"/>
	<slides>
		<slide id="256" frameRate="30" totalFrames="1005.3" advance="auto" blockMovement="false" type="normal">
			<content url="Slide1.swf"/>
			<slideBackground index="0" frameToPlay="1" duration="2" showAfterFrame="0"/>
			<flvContents></flvContents>
			<clickAnimations>
				<clickAnimation start="301" end="304"/>
			</clickAnimations>
			<slideTitle>Lecture 1a</slideTitle>
			<notes isHTML="true"></notes>
			<slideThumbnail url="thumb.swf" frame="1"/>
			<slideSpeaker index="0"/>
			<audios id="1" duration=" 33510">
				<media url="a24x1x1.mp3" startMsecs="0" duration="33510" startAtMSecs="0"/>
			</audios>
			<playbackActions></playbackActions>
		</slide>
		<slide id="259" frameRate="30" totalFrames="1436.1" advance="auto" blockMovement="false" type="normal">
			<content url="Slide2.swf"/>
			<slideBackground index="1" frameToPlay="1" duration="2" showAfterFrame="0"/>
			<flvContents></flvContents>
			<clickAnimations>
				<clickAnimation start="109" end="124"/>
				<clickAnimation start="744" end="759"/>
				<clickAnimation start="966" end="981"/>
				<clickAnimation start="1083" end="1098"/>
			</clickAnimations>
			<slideTitle>What this course is about</slideTitle>
			<notes isHTML="true"></notes>
			<slideThumbnail url="thumb.swf" frame="2"/>
			<slideSpeaker index="0"/>
			<audios id="2" duration=" 47870">
				<media url="a24x2x1.mp3" startMsecs="0" duration="47870" startAtMSecs="0"/>
			</audios>
			<playbackActions></playbackActions>
		</slide>
		<slide id="261" frameRate="30" totalFrames="1984.8" advance="auto" blockMovement="false" type="normal">
			<content url="Slide3.swf"/>
			<slideBackground index="1" frameToPlay="3" duration="2" showAfterFrame="0"/>
			<flvContents></flvContents>
			<clickAnimations>
				<clickAnimation start="67" end="82"/>
				<clickAnimation start="1437" end="1452"/>
			</clickAnimations>
			<slideTitle>What this course is not about</slideTitle>
			<notes isHTML="true"></notes>
			<slideThumbnail url="thumb.swf" frame="3"/>
			<slideSpeaker index="0"/>
			<audios id="3" duration=" 66160">
				<media url="a24x3x1.mp3" startMsecs="0" duration="50990" startAtMSecs="0"/>
				<media url="a24x3x2.mp3" startMsecs="50990" duration="15170" startAtMSecs="0"/>
			</audios>
			<playbackActions></playbackActions>
		</slide>
		<slide id="265" frameRate="30" totalFrames="1264.5" advance="auto" blockMovement="false" type="normal">
			<content url="Slide4.swf"/>
			<slideBackground index="1" frameToPlay="5" duration="2" showAfterFrame="0"/>
			<flvContents></flvContents>
			<clickAnimations>
				<clickAnimation start="67" end="82"/>
				<clickAnimation start="393" end="408"/>
			</clickAnimations>
			<slideTitle>Modules</slideTitle>
			<notes isHTML="true"></notes>
			<slideThumbnail url="thumb.swf" frame="4"/>
			<slideSpeaker index="0"/>
			<audios id="7" duration=" 42150">
				<media url="a24x7x1.mp3" startMsecs="0" duration="42150" startAtMSecs="0"/>
			</audios>
			<playbackActions></playbackActions>
		</slide>
		<slide id="266" frameRate="30" totalFrames="646.8" advance="auto" blockMovement="false" type="normal">
			<content url="Slide5.swf"/>
			<slideBackground index="1" frameToPlay="7" duration="2" showAfterFrame="0"/>
			<flvContents></flvContents>
			<clickAnimations>
				<clickAnimation start="85" end="100"/>
				<clickAnimation start="315" end="330"/>
			</clickAnimations>
			<slideTitle>How lectures will work</slideTitle>
			<notes isHTML="true"></notes>
			<slideThumbnail url="thumb.swf" frame="5"/>
			<slideSpeaker index="0"/>
			<audios id="8" duration=" 21560">
				<media url="a24x8x1.mp3" startMsecs="0" duration="21560" startAtMSecs="0"/>
			</audios>
			<playbackActions></playbackActions>
		</slide>
		<slide id="267" frameRate="30" totalFrames="1273.5" advance="auto" blockMovement="false" type="normal">
			<content url="Slide6.swf"/>
			<slideBackground index="1" frameToPlay="9" duration="2" showAfterFrame="0"/>
			<flvContents></flvContents>
			<clickAnimations>
				<clickAnimation start="31" end="46"/>
				<clickAnimation start="993" end="1008"/>
			</clickAnimations>
			<slideTitle>How required reading will work</slideTitle>
			<notes isHTML="true"></notes>
			<slideThumbnail url="thumb.swf" frame="6"/>
			<slideSpeaker index="0"/>
			<audios id="9" duration=" 42450">
				<media url="a24x9x1.mp3" startMsecs="0" duration="42450" startAtMSecs="0"/>
			</audios>
			<playbackActions></playbackActions>
		</slide>
		<slide id="268" frameRate="30" totalFrames="2568.6000000000003" advance="auto" blockMovement="false" type="normal">
			<content url="Slide7.swf"/>
			<slideBackground index="1" frameToPlay="11" duration="2" showAfterFrame="0"/>
			<flvContents></flvContents>
			<clickAnimations>
				<clickAnimation start="31" end="46"/>
				<clickAnimation start="1236" end="1251"/>
				<clickAnimation start="2199" end="2214"/>
			</clickAnimations>
			<slideTitle>How discussion board will work</slideTitle>
			<notes isHTML="true"></notes>
			<slideThumbnail url="thumb.swf" frame="7"/>
			<slideSpeaker index="0"/>
			<audios id="10" duration=" 85620">
				<media url="a24x10x1.mp3" startMsecs="0" duration="85620" startAtMSecs="0"/>
			</audios>
			<playbackActions></playbackActions>
		</slide>
		<slide id="269" frameRate="30" totalFrames="1752" advance="auto" blockMovement="false" type="normal">
			<content url="Slide8.swf"/>
			<slideBackground index="1" frameToPlay="13" duration="2" showAfterFrame="0"/>
			<flvContents></flvContents>
			<clickAnimations>
				<clickAnimation start="121" end="136"/>
				<clickAnimation start="336" end="351"/>
				<clickAnimation start="1188" end="1203"/>
			</clickAnimations>
			<slideTitle>How assignments will work</slideTitle>
			<notes isHTML="true"></notes>
			<slideThumbnail url="thumb.swf" frame="8"/>
			<slideSpeaker index="0"/>
			<audios id="11" duration=" 58400">
				<media url="a24x11x1.mp3" startMsecs="0" duration="58400" startAtMSecs="0"/>
			</audios>
			<playbackActions></playbackActions>
		</slide>
		<slide id="270" frameRate="30" totalFrames="939.6" advance="auto" blockMovement="false" type="normal">
			<content url="Slide9.swf"/>
			<slideBackground index="1" frameToPlay="15" duration="2" showAfterFrame="0"/>
			<flvContents></flvContents>
			<clickAnimations>
				<clickAnimation start="37" end="52"/>
				<clickAnimation start="159" end="174"/>
				<clickAnimation start="690" end="705"/>
			</clickAnimations>
			<slideTitle>Grades and deadlines</slideTitle>
			<notes isHTML="true"></notes>
			<slideThumbnail url="thumb.swf" frame="9"/>
			<slideSpeaker index="0"/>
			<audios id="12" duration=" 31320">
				<media url="a24x12x1.mp3" startMsecs="0" duration="31320" startAtMSecs="0"/>
			</audios>
			<playbackActions></playbackActions>
		</slide>
		<slide id="290" frameRate="30" totalFrames="1855.8" advance="auto" blockMovement="false" type="normal">
			<content url="Slide10.swf"/>
			<slideBackground index="2" frameToPlay="1" duration="2" showAfterFrame="0"/>
			<flvContents></flvContents>
			<clickAnimations>
				<clickAnimation start="313" end="328"/>
			</clickAnimations>
			<slideTitle>Visual design</slideTitle>
			<notes isHTML="true">Aesthetics&amp;#x20;of&amp;#x20;a&amp;#x20;web&amp;#x20;site&amp;#x20;includes&amp;#x20;any&amp;#x20;visual&amp;#x20;characteristics.&amp;#x20;A&amp;#x20;site&amp;#x20;with&amp;#x20;low&amp;#x20;aesthetics&amp;#x20;will&amp;#x20;not&amp;#x20;be&amp;#x20;visited.&lt;br&gt;&lt;br&gt;Visual&amp;#x20;design&amp;#x20;should&amp;#x20;be&amp;#x20;aesthetically&amp;#x20;pleasing,&amp;#x20;provide&amp;#x20;a&amp;#x20;unique&amp;#x20;user&amp;#x20;experience,&amp;#x20;and&amp;#x20;be&amp;#x20;evocative.&amp;#x20;Evocative&amp;#x20;means&amp;#x20;evoking&amp;#x20;an&amp;#x20;emotion&amp;#x20;in&amp;#x20;the&amp;#x20;user,&amp;#x20;such&amp;#x20;as&amp;#x20;a&amp;#x20;call&amp;#x20;to&amp;#x20;action&amp;#x20;like&amp;#x20;ordering&amp;#x20;a&amp;#x20;product&amp;#x20;or&amp;#x20;volunteering&amp;#x20;for&amp;#x20;a&amp;#x20;nonprofit&amp;#x20;organization.&lt;br&gt;&lt;br&gt;Basically&amp;#x20;a&amp;#x20;page&amp;#x20;must&amp;#x20;find&amp;#x20;visual&amp;#x20;harmony.&lt;br&gt;&lt;br&gt;</notes>
			<slideThumbnail url="thumb.swf" frame="10"/>
			<audios id="30" duration=" 61860">
				<media url="a24x30x1.mp3" startMsecs="0" duration="61860" startAtMSecs="0"/>
			</audios>
			<playbackActions></playbackActions>
		</slide>
		<slide id="291" frameRate="30" totalFrames="904.8" advance="auto" blockMovement="false" type="normal">
			<content url="Slide11.swf"/>
			<slideBackground index="2" frameToPlay="3" duration="2" showAfterFrame="0"/>
			<flvContents></flvContents>
			<clickAnimations>
				<clickAnimation start="76" end="91"/>
				<clickAnimation start="543" end="558"/>
			</clickAnimations>
			<slideTitle>Visual harmony</slideTitle>
			<notes isHTML="true">If&amp;#x20;a&amp;#x20;page&amp;#x20;has&amp;#x20;too&amp;#x20;much&amp;#x20;visual&amp;#x20;stimulation,&amp;#x20;it&amp;#x20;can&amp;#x20;appear&amp;#x20;chaotic&amp;#x20;to&amp;#x20;the&amp;#x20;visitor.&amp;#x20;If&amp;#x20;it&amp;#x20;is&amp;#x20;visually&amp;#x20;serene,&amp;#x20;it&amp;#x20;could&amp;#x20;be&amp;#x20;seen&amp;#x20;as&amp;#x20;boring.&amp;#x20;&lt;br&gt;</notes>
			<slideThumbnail url="thumb.swf" frame="11"/>
			<audios id="31" duration=" 30160">
				<media url="a24x31x1.mp3" startMsecs="0" duration="30160" startAtMSecs="0"/>
			</audios>
			<playbackActions></playbackActions>
		</slide>
		<slide id="292" frameRate="30" totalFrames="748.2" advance="auto" blockMovement="false" type="normal">
			<content url="Slide12.swf"/>
			<slideBackground index="2" frameToPlay="5" duration="2" showAfterFrame="0"/>
			<flvContents></flvContents>
			<slideTitle>Visual harmony… NOT!</slideTitle>
			<notes isHTML="true">How&amp;#x20;does&amp;#x20;this&amp;#x20;site&amp;#x20;strike&amp;#x20;you?&amp;#x20;Where&amp;#x20;does&amp;#x20;your&amp;#x20;eye&amp;#x20;go?&amp;#x20;What&amp;#x20;is&amp;#x20;the&amp;#x20;most&amp;#x20;important&amp;#x20;thing&amp;#x20;on&amp;#x20;the&amp;#x20;page?&lt;br&gt;&lt;br&gt;And&amp;#x20;this&amp;#x20;is&amp;#x20;a&amp;#x20;real&amp;#x20;site&amp;#x20;that&amp;#x2019;s&amp;#x20;still&amp;#x20;looking&amp;#x20;like&amp;#x20;this.&amp;#x20;Type&amp;#x20;in&amp;#x20;Martinsburg&amp;#x20;Police&amp;#x20;Department&amp;#x20;in&amp;#x20;Google&amp;#x20;and&amp;#x20;you&amp;#x2019;ll&amp;#x20;find&amp;#x20;it.&lt;br&gt;</notes>
			<slideThumbnail url="thumb.swf" frame="12"/>
			<audios id="32" duration=" 24940">
				<media url="a24x32x1.mp3" startMsecs="0" duration="24940" startAtMSecs="0"/>
			</audios>
			<playbackActions></playbackActions>
		</slide>
		<slide id="298" frameRate="30" totalFrames="619.2" advance="auto" blockMovement="false" type="normal">
			<content url="Slide13.swf"/>
			<slideBackground index="2" frameToPlay="7" duration="2" showAfterFrame="0"/>
			<flvContents></flvContents>
			<slideTitle>Visual harmony – ahhh…</slideTitle>
			<notes isHTML="true">Quite&amp;#x20;a&amp;#x20;contrast&amp;#x20;to&amp;#x20;the&amp;#x20;last&amp;#x20;one,&amp;#x20;isn&amp;#x2019;t&amp;#x20;it?&amp;#x20;Your&amp;#x20;eye&amp;#x20;immediately&amp;#x20;goes&amp;#x20;to&amp;#x20;the&amp;#x20;most&amp;#x20;important&amp;#x20;elements&amp;#x20;first,&amp;#x20;which&amp;#x20;are&amp;#x20;the&amp;#x20;tagline&amp;#x20;&amp;#x201c;remember&amp;#x20;everything&amp;#x201d;&amp;#x20;and&amp;#x20;the&amp;#x20;icons,&amp;#x20;which&amp;#x20;show&amp;#x20;the&amp;#x20;versatility&amp;#x20;of&amp;#x20;the&amp;#x20;program.&lt;br&gt;</notes>
			<slideThumbnail url="thumb.swf" frame="13"/>
			<audios id="39" duration=" 20640">
				<media url="a24x39x1.mp3" startMsecs="0" duration="20640" startAtMSecs="0"/>
			</audios>
			<playbackActions></playbackActions>
		</slide>
		<slide id="299" frameRate="30" totalFrames="2725.8" advance="auto" blockMovement="false" type="normal">
			<content url="Slide14.swf"/>
			<slideBackground index="2" frameToPlay="9" duration="2" showAfterFrame="0"/>
			<flvContents></flvContents>
			<clickAnimations>
				<clickAnimation start="214" end="217"/>
				<clickAnimation start="717" end="720"/>
				<clickAnimation start="1101" end="1104"/>
			</clickAnimations>
			<slideTitle>How to achieve visual harmony</slideTitle>
			<notes isHTML="true">If&amp;#x20;you&amp;#x20;have&amp;#x20;too&amp;#x20;many&amp;#x20;elements&amp;#x20;on&amp;#x20;the&amp;#x20;page,&amp;#x20;the&amp;#x20;visitor&amp;#x20;will&amp;#x20;not&amp;#x20;know&amp;#x20;where&amp;#x20;to&amp;#x20;look&amp;#x20;and&amp;#x20;what&amp;#x20;you&amp;#x20;want&amp;#x20;them&amp;#x20;to&amp;#x20;concentrate&amp;#x20;on&amp;#x20;may&amp;#x20;get&amp;#x20;lost.&lt;br&gt;&lt;br&gt;Visual&amp;#x20;continuity&amp;#x20;is&amp;#x20;especially&amp;#x20;important&amp;#x20;with&amp;#x20;branding.&amp;#x20;&lt;br&gt;&lt;br&gt;This&amp;#x20;example&amp;#x20;shows&amp;#x20;how&amp;#x20;continuity&amp;#x20;can&amp;#x20;be&amp;#x20;used&amp;#x20;in&amp;#x20;shapes&amp;#x20;and&amp;#x20;color.&amp;#x20;The&amp;#x20;white&amp;#x20;headings&amp;#x20;stand&amp;#x20;out,&amp;#x20;and&amp;#x20;the&amp;#x20;shapes&amp;#x20;are&amp;#x20;columns,&amp;#x20;three&amp;#x20;columns&amp;#x20;that&amp;#x20;carry&amp;#x20;throughout&amp;#x20;the&amp;#x20;header&amp;#x20;and&amp;#x20;content&amp;#x20;areas.&lt;br&gt;</notes>
			<slideThumbnail url="thumb.swf" frame="14"/>
			<audios id="40" duration=" 90860">
				<media url="a24x40x1.mp3" startMsecs="0" duration="90860" startAtMSecs="0"/>
			</audios>
			<playbackActions></playbackActions>
		</slide>
		<slide id="300" frameRate="30" totalFrames="2841" advance="auto" blockMovement="false" type="normal">
			<content url="Slide15.swf"/>
			<slideBackground index="2" frameToPlay="11" duration="2" showAfterFrame="0"/>
			<flvContents></flvContents>
			<clickAnimations>
				<clickAnimation start="115" end="118"/>
				<clickAnimation start="597" end="600"/>
			</clickAnimations>
			<slideTitle>How to achieve visual harmony</slideTitle>
			<notes isHTML="true">Visual&amp;#x20;adhesives&amp;#x20;are&amp;#x20;elements&amp;#x20;that&amp;#x20;holds&amp;#x20;content&amp;#x20;together&amp;#x20;aesthetically.&amp;#x20;These&amp;#x20;can&amp;#x20;include&amp;#x20;headings,&amp;#x20;lists,&amp;#x20;indenting&amp;#x20;text,&amp;#x20;spacing,&amp;#x20;using&amp;#x20;similar&amp;#x20;colors&amp;#x20;or&amp;#x20;fonts,&amp;#x20;rules&amp;#x20;or&amp;#x20;lines,&amp;#x20;background&amp;#x20;colors.&lt;br&gt;&lt;br&gt;This&amp;#x20;example&amp;#x20;shows&amp;#x20;contrast&amp;#x20;with&amp;#x20;color,&amp;#x20;shapes&amp;#x20;and&amp;#x20;font&amp;#x20;sizes.&amp;#x20;The&amp;#x20;orange&amp;#x20;and&amp;#x20;black&amp;#x20;are&amp;#x20;a&amp;#x20;good&amp;#x20;contrast.&amp;#x20;And&amp;#x20;if&amp;#x20;you&amp;#x20;print&amp;#x20;this&amp;#x20;out&amp;#x20;black&amp;#x20;and&amp;#x20;white,&amp;#x20;you&amp;#x20;will&amp;#x20;see&amp;#x20;that&amp;#x20;it&amp;#x20;will&amp;#x20;be&amp;#x20;viewable&amp;#x20;by&amp;#x20;someone&amp;#x20;who&amp;#x20;is&amp;#x20;red-green&amp;#x20;color&amp;#x20;blind&amp;#x20;or&amp;#x20;has&amp;#x20;low&amp;#x20;vision.&amp;#x20;That&amp;apos;s&amp;#x20;one&amp;#x20;of&amp;#x20;the&amp;#x20;best&amp;#x20;ways&amp;#x20;to&amp;#x20;make&amp;#x20;sure&amp;#x20;you&amp;#x20;have&amp;#x20;enough&amp;#x20;contrast,&amp;#x20;especially&amp;#x20;with&amp;#x20;text&amp;#x20;on&amp;#x20;a&amp;#x20;color&amp;#x20;background.&amp;#x20;Print&amp;#x20;it&amp;#x20;out&amp;#x20;in&amp;#x20;black&amp;#x20;and&amp;#x20;white.&amp;#x20;If&amp;#x20;you&amp;#x20;can&amp;#x20;see&amp;#x20;everything,&amp;#x20;then&amp;#x20;it&amp;#x20;should&amp;#x20;be&amp;#x20;OK.&lt;br&gt;</notes>
			<slideThumbnail url="thumb.swf" frame="15"/>
			<audios id="41" duration=" 94700">
				<media url="a24x41x1.mp3" startMsecs="0" duration="94700" startAtMSecs="0"/>
			</audios>
			<playbackActions></playbackActions>
		</slide>
		<slide id="301" frameRate="30" totalFrames="1054.8" advance="auto" blockMovement="false" type="normal">
			<content url="Slide16.swf"/>
			<slideBackground index="2" frameToPlay="13" duration="2" showAfterFrame="0"/>
			<flvContents></flvContents>
			<clickAnimations>
				<clickAnimation start="79" end="82"/>
				<clickAnimation start="357" end="360"/>
			</clickAnimations>
			<slideTitle>How to achieve visual harmony</slideTitle>
			<notes isHTML="true">Chunks&amp;#x20;are&amp;#x20;groups&amp;#x20;of&amp;#x20;related&amp;#x20;elements.&amp;#x20;This&amp;#x20;can&amp;#x20;help&amp;#x20;the&amp;#x20;visitor&amp;#x20;find&amp;#x20;what&amp;#x20;they&amp;#x20;want&amp;#x20;more&amp;#x20;quickly.&lt;br&gt;&lt;br&gt;White&amp;#x20;space&amp;#x20;doesn&amp;#x2019;t&amp;#x20;necessarily&amp;#x20;mean&amp;#x20;it&amp;#x2019;s&amp;#x20;white&amp;#x20;in&amp;#x20;color.&amp;#x20;It&amp;#x20;can&amp;#x20;be&amp;#x20;any&amp;#x20;color&amp;#x20;--&amp;#x20;it&amp;#x2019;s&amp;#x20;the&amp;#x20;space&amp;#x20;around&amp;#x20;elements&amp;#x20;that&amp;#x20;allows&amp;#x20;the&amp;#x20;visitor&amp;#x2019;s&amp;#x20;eyes&amp;#x20;to&amp;#x20;&amp;#x201c;rest&amp;#x201d;.&amp;#x20;This&amp;#x20;example&amp;#x20;really&amp;#x20;shows&amp;#x20;white&amp;#x20;space&amp;#x20;--&amp;#x20;literally&amp;#x20;white&amp;#x20;space&amp;#x20;this&amp;#x20;time&amp;#x20;--&amp;#x20;and&amp;#x20;it&amp;#x20;draws&amp;#x20;the&amp;#x20;eye.&lt;br&gt;</notes>
			<slideThumbnail url="thumb.swf" frame="16"/>
			<audios id="42" duration=" 35160">
				<media url="a24x42x1.mp3" startMsecs="0" duration="35160" startAtMSecs="0"/>
			</audios>
			<playbackActions></playbackActions>
		</slide>
		<slide id="294" frameRate="30" totalFrames="3280.2000000000003" advance="auto" blockMovement="false" type="normal">
			<content url="Slide17.swf"/>
			<slideBackground index="2" frameToPlay="15" duration="2" showAfterFrame="0"/>
			<flvContents></flvContents>
			<clickAnimations>
				<clickAnimation start="28" end="43"/>
				<clickAnimation start="1383" end="1398"/>
			</clickAnimations>
			<slideTitle>How to achieve visual harmony</slideTitle>
			<notes isHTML="true">Symmetrical&amp;#x20;balance&amp;#x20;is&amp;#x20;where&amp;#x20;elements&amp;#x20;are&amp;#x20;placed&amp;#x20;equally&amp;#x20;in&amp;#x20;the&amp;#x20;layout,&amp;#x20;evenly&amp;#x20;dividing&amp;#x20;a&amp;#x20;page.&amp;#x20;Be&amp;#x20;careful&amp;#x20;with&amp;#x20;this&amp;#x20;one;&amp;#x20;it&amp;#x20;can&amp;#x20;make&amp;#x20;a&amp;#x20;page&amp;#x20;appear&amp;#x20;boring.&amp;#x20;&lt;br&gt;&lt;br&gt;Asymmetrical&amp;#x20;balance&amp;#x20;is&amp;#x20;more&amp;#x20;eye-catching;&amp;#x20;it&amp;#x20;might&amp;#x20;have&amp;#x20;one&amp;#x20;large&amp;#x20;graphic&amp;#x20;on&amp;#x20;one&amp;#x20;side&amp;#x20;of&amp;#x20;the&amp;#x20;page,&amp;#x20;and&amp;#x20;the&amp;#x20;other&amp;#x20;side&amp;#x20;is&amp;#x20;balanced&amp;#x20;with&amp;#x20;several&amp;#x20;smaller&amp;#x20;graphics.&amp;#x20;&lt;br&gt;&lt;br&gt;Unbalanced&amp;#x20;can&amp;#x20;create&amp;#x20;a&amp;#x20;strong,&amp;#x20;edgy&amp;#x20;mood.&amp;#x20;Be&amp;#x20;careful&amp;#x20;with&amp;#x20;this&amp;#x20;one,&amp;#x20;too.&amp;#x20;Creating&amp;#x20;too&amp;#x20;much&amp;#x20;unbalance&amp;#x20;can&amp;#x20;make&amp;#x20;the&amp;#x20;page&amp;#x20;appear&amp;#x20;chaotic.&lt;br&gt;&lt;br&gt;Putting&amp;#x20;the&amp;#x20;area&amp;#x20;of&amp;#x20;focus&amp;#x20;dead-center&amp;#x20;can&amp;#x20;do&amp;#x20;what&amp;#x20;symmetry&amp;#x20;does&amp;#x20;--&amp;#x20;it&amp;#x20;can&amp;#x20;make&amp;#x20;the&amp;#x20;page&amp;#x20;look&amp;#x20;boring.&amp;#x20;As&amp;#x20;with&amp;#x20;graphic&amp;#x20;design,&amp;#x20;the&amp;#x20;rule&amp;#x20;of&amp;#x20;thirds&amp;#x20;is&amp;#x20;a&amp;#x20;good&amp;#x20;rule&amp;#x20;of&amp;#x20;thumb.&amp;#x20;Divide&amp;#x20;the&amp;#x20;page&amp;#x20;into&amp;#x20;thirds&amp;#x20;both&amp;#x20;horizontally&amp;#x20;and&amp;#x20;vertically,&amp;#x20;and&amp;#x20;use&amp;#x20;one&amp;#x20;of&amp;#x20;the&amp;#x20;points&amp;#x20;where&amp;#x20;two&amp;#x20;lines&amp;#x20;intersect&amp;#x20;as&amp;#x20;the&amp;#x20;middle.&lt;br&gt;&lt;br&gt;This&amp;#x20;image&amp;#x20;shows&amp;#x20;the&amp;#x20;rule&amp;#x20;of&amp;#x20;thirds&amp;#x20;&amp;#x2013;&amp;#x20;look&amp;#x20;where&amp;#x20;the&amp;#x20;dome&amp;#x20;and&amp;#x20;spire&amp;#x20;are&amp;#x20;in&amp;#x20;the&amp;#x20;photo.&lt;br&gt;</notes>
			<slideThumbnail url="thumb.swf" frame="17"/>
			<audios id="34" duration=" 109340">
				<media url="a24x34x1.mp3" startMsecs="0" duration="109340" startAtMSecs="0"/>
			</audios>
			<playbackActions></playbackActions>
		</slide>
		<slide id="295" frameRate="30" totalFrames="966.0000000000001" advance="auto" blockMovement="false" type="normal">
			<content url="Slide18.swf"/>
			<slideBackground index="2" frameToPlay="17" duration="2" showAfterFrame="0"/>
			<flvContents></flvContents>
			<clickAnimations>
				<clickAnimation start="37" end="52"/>
			</clickAnimations>
			<slideTitle>How to achieve visual harmony</slideTitle>
			<notes isHTML="true"></notes>
			<slideThumbnail url="thumb.swf" frame="18"/>
			<audios id="35" duration=" 32200">
				<media url="a24x35x1.mp3" startMsecs="0" duration="32200" startAtMSecs="0"/>
			</audios>
			<playbackActions></playbackActions>
		</slide>
		<slide id="296" frameRate="30" totalFrames="1727.1" advance="auto" blockMovement="false" type="normal">
			<content url="Slide19.swf"/>
			<slideBackground index="2" frameToPlay="19" duration="2" showAfterFrame="0"/>
			<flvContents></flvContents>
			<clickAnimations>
				<clickAnimation start="19" end="34"/>
				<clickAnimation start="252" end="267"/>
				<clickAnimation start="480" end="495"/>
			</clickAnimations>
			<slideTitle>Branding</slideTitle>
			<notes isHTML="true">The&amp;#x20;decisions&amp;#x20;you&amp;#x20;make&amp;#x20;about&amp;#x20;visual&amp;#x20;design&amp;#x20;and&amp;#x20;visual&amp;#x20;harmony&amp;#x20;have&amp;#x20;to&amp;#x20;take&amp;#x20;the&amp;#x20;company&amp;#x2019;s&amp;#x20;brand&amp;#x20;into&amp;#x20;consideration.&lt;br&gt;&lt;br&gt;Think&amp;#x20;about&amp;#x20;the&amp;#x20;following&amp;#x20;companies:&amp;#x20;Apple,&amp;#x20;Coca-Cola,&amp;#x20;Nike.&amp;#x20;I&amp;#x2019;m&amp;#x20;willing&amp;#x20;to&amp;#x20;bet&amp;#x20;all&amp;#x20;of&amp;#x20;you&amp;#x20;can&amp;#x20;think&amp;#x20;of&amp;#x20;at&amp;#x20;least&amp;#x20;one&amp;#x20;thing&amp;#x20;about&amp;#x20;each&amp;#x20;of&amp;#x20;those&amp;#x20;company&amp;#x20;that&amp;#x20;is&amp;#x20;memorable&amp;#x20;to&amp;#x20;you.&amp;#x20;A&amp;#x20;logo,&amp;#x20;a&amp;#x20;color,&amp;#x20;a&amp;#x20;commercial&amp;#x2026;&amp;#x20;All&amp;#x20;of&amp;#x20;these&amp;#x20;companies&amp;#x20;have&amp;#x20;created&amp;#x20;a&amp;#x20;memorable&amp;#x20;identity&amp;#x20;through&amp;#x20;effective&amp;#x20;branding.&lt;br&gt;</notes>
			<slideThumbnail url="thumb.swf" frame="19"/>
			<audios id="36" duration=" 57570">
				<media url="a24x36x1.mp3" startMsecs="0" duration="57570" startAtMSecs="0"/>
			</audios>
			<playbackActions></playbackActions>
		</slide>
		<slide id="297" frameRate="30" totalFrames="1743.6" advance="auto" blockMovement="false" type="normal">
			<content url="Slide20.swf"/>
			<slideBackground index="2" frameToPlay="21" duration="2" showAfterFrame="0"/>
			<flvContents></flvContents>
			<clickAnimations>
				<clickAnimation start="91" end="106"/>
			</clickAnimations>
			<slideTitle>Branding</slideTitle>
			<notes isHTML="true">Everything&amp;#x20;about&amp;#x20;visual&amp;#x20;design&amp;#x20;needs&amp;#x20;to&amp;#x20;be&amp;#x20;considered&amp;#x20;in&amp;#x20;branding:&amp;#x20;&lt;br&gt;Color&amp;#x20;&amp;#x2013;&amp;#x20;Consistent&amp;#x20;colors&amp;#x20;throughout&lt;br&gt;Layout&amp;#x20;-&amp;#x20;&amp;#x20;Layout&amp;#x20;should&amp;#x20;be&amp;#x20;very&amp;#x20;similar&amp;#x20;throughout&lt;br&gt;Fonts&amp;#x20;-&amp;#x20;&amp;#x20;What&amp;#x20;fonts&amp;#x20;best&amp;#x20;represent&amp;#x20;the&amp;#x20;brand?&lt;br&gt;Graphics&amp;#x20;&amp;#x2013;&amp;#x20;Not&amp;#x20;only&amp;#x20;the&amp;#x20;type&amp;#x20;of&amp;#x20;graphics&amp;#x20;but&amp;#x20;the&amp;#x20;way&amp;#x20;in&amp;#x20;which&amp;#x20;they&amp;#x20;are&amp;#x20;displayed.&lt;br&gt;Forms&amp;#x20;&amp;#x2013;&amp;#x20;All&amp;#x20;forms&amp;#x20;on&amp;#x20;the&amp;#x20;site&amp;#x20;have&amp;#x20;the&amp;#x20;same&amp;#x20;look&amp;#x20;and&amp;#x20;feel.&lt;br&gt;Navigation&amp;#x20;&amp;#x2013;&amp;#x20;Navigational&amp;#x20;items&amp;#x20;are&amp;#x20;consistent&amp;#x20;in&amp;#x20;wording&amp;#x20;and&amp;#x20;placement&amp;#x20;throughout.&lt;br&gt;&lt;br&gt;</notes>
			<slideThumbnail url="thumb.swf" frame="20"/>
			<audios id="37" duration=" 58120">
				<media url="a24x37x1.mp3" startMsecs="0" duration="58120" startAtMSecs="0"/>
			</audios>
			<playbackActions></playbackActions>
		</slide>
		<slide id="289" frameRate="30" totalFrames="672.9" advance="auto" blockMovement="false" type="normal">
			<content url="Slide21.swf"/>
			<slideBackground index="1" frameToPlay="17" duration="2" showAfterFrame="0"/>
			<flvContents></flvContents>
			<clickAnimations>
				<clickAnimation start="214" end="229"/>
			</clickAnimations>
			<slideTitle>Watch Lecture 1b!</slideTitle>
			<notes isHTML="true"></notes>
			<slideThumbnail url="thumb.swf" frame="21"/>
			<audios id="38" duration=" 22430">
				<media url="a24x38x1.mp3" startMsecs="0" duration="22430" startAtMSecs="0"/>
			</audios>
			<playbackActions></playbackActions>
		</slide>
	</slides>
	<quizzes>
		<reportingOptions isTracked="false"></reportingOptions>
		<quizSettings showQuestionList="true" showScores="true" showPassScore="false" showCurrentScore="false" showQuestionMarks="false" showAttempts="true" showQuizAttempts="false" showQuestionAttempts="false" showQuestionCorrectFeedback="true" showQuestionIncorrectFeedback="true" showQuizNavigationWarning="true"></quizSettings>
		<quiz quizID="10004" title="Quiz" numQuizAttemptsAllowed="1" minScore="0" passingScore="80" percent="true" passingGradeAction="nextSlide" passingGradeActionArg1="" passingGradeActionArg2="" failingGradeAction="nextSlide" failingGradeActionArg1="" failingGradeActionArg2="" questionAdvance="optional" quizAdvance="optional" showProgress="minimal" allowBackwardMovementInQuiz="true" allowReviewMode="true" passedScoreFeedback="Passed" failedScoreFeedback="Failed" shuffleQuestions="0">
			<questiongroups></questiongroups>
		</quiz>
	</quizzes>
	<attachments></attachments>
</presentation>
