<?xml version="1.0" encoding="utf-8"?>
<document-metadata version="1.0" xmlns="http://breeze.macromedia.com/">
	<document-info>
		<title>GIT418_Lecture3</title>
		<summary></summary>
		<author/>
		<keywords/>
		<thumbnail href="data/thumb/thumb_slide_000001.jpg"/>
		<view-link href="/Viewer.swf?slide={position}"/>
	</document-info>
	<section type="slide" position="1" xmlns="">
		<title>Lecture 3a</title>
		<content>GIT418/598: Multimedia Authoring, Scripting &amp; Production                                                          Lecture 3a HTML5 Video and Audio </content>
		<related-content>In this lecture, I want to take a quick look at audio and video in HTML5. This is the new way of doing video – it used to be Flash was the best and really only reliable way to display video. Now HTML5 is becoming more popular, mostly because it is viewable on Apple mobile devices as well as many tablets. It also does not require that the user download a Flash plugin in order to see the content. Your reading goes in depth with video and audio, so I just want to reinforce some of the key points, as well as give a few examples of how you can customize video and audio controls.&lt;br&gt;</related-content>
		<thumbnail href="data/thumb/thumb_slide_000001.jpg"/>
	</section>
	<section type="slide" position="2" xmlns="">
		<title>HTML5 Video</title>
		<content>HTML5 Video Formats:MP4 (video/mp4)WebM (video/webm)Ogg (video/ogg)Flash fallback!    </content>
		<related-content>2&lt;br&gt;MP4 is supported by all the major browsers, except that in Firefox, it’s only the most recent versions. This is something that happens very often with HTML5 video -- only one format, usually mp4, is offered. That means no users of older Firefox versions can see the video. So you need to have WebM or Ogg in order to cover Firefox. WebM can be supported by IE by adding an add-on but that add-on may not work in older versions of IE. So your best bet is to have at least mp4 and WebM or Ogg, and of course have a Flash fallback. Older versions of all the major browsers don’t support HTML5 video, so you have to have a fallback in Flash for those browsers. &lt;br&gt;&lt;br&gt;&lt;br&gt;&lt;br&gt;</related-content>
		<thumbnail href="data/thumb/thumb_slide_000002.jpg"/>
	</section>
	<section type="slide" position="3" xmlns="">
		<title>HTML5 Video</title>
		<content>HTML5 Video Tags:video, source, trackAttributes:height, width, src, controls, preload, autoplay, loop, poster </content>
		<related-content>3&lt;br&gt;Track allows for captions or subtitles. Unfortunately the Track attribute is only supported in Firefox 31 and above.&lt;br&gt;&lt;br&gt;Height and width are for the video, and SRC is the URL for the video. &lt;br&gt;&lt;br&gt;Controls are the controls for the video. Controls is a Boolean attribute, so if you have the word “controls”, then that means you are telling the browser you want the controls to be visible. This includes playback, time display and volume control. &lt;br&gt;&lt;br&gt;Autoplay tells the browser to automatically play the video when the page loads.&lt;br&gt;&lt;br&gt;&lt;br&gt;Loop will tell the browser to loop the video when it gets to the end. However, be careful using this one with autoplay. You will create an infinite loop.&lt;br&gt;&lt;br&gt;Poster is an image that displays before the playback starts. This is a URL for the image.&lt;br&gt;</related-content>
		<thumbnail href="data/thumb/thumb_slide_000003.jpg"/>
	</section>
	<section type="slide" position="4" xmlns="">
		<title>HTML5 Video</title>
		<content>HTML5 Video &lt;video controls width=“400" height=“250" name=“CTI-video" id=“ctivideo"&gt;&lt;!--For IE, Safari and Chrome --&gt;&lt;source src=“ctivideo.mp4" type="video/mp4" /&gt;&lt;!--For Firefox--&gt;&lt;source src=“ctivideo.webm" type="video/webm" /&gt;&lt;!--Flash fallback--&gt;&lt;object width="320" height="240"&gt; &lt;param name=“CTIvideo" value=“ctivideo.swf" /&gt; &lt;embed src=“ctivideo.swf" width=“400" height=“250"&gt;&lt;/embed&gt; &lt;/object&gt; &lt;/video&gt; </content>
		<related-content>4&lt;br&gt;Some browsers will need that type attribute in there as well. It’s good practice to include it anyway to make sure your bases are covered.&lt;br&gt;</related-content>
		<thumbnail href="data/thumb/thumb_slide_000004.jpg"/>
	</section>
	<section type="slide" position="5" xmlns="">
		<title>HTML5 Video- controls</title>
		<content> HTML5 Video- controls &lt;div id="controls" class="hidden"&gt;	&lt;div id="playPause" class="paused"&gt;Play/Pause&lt;/div&gt;	&lt;/div&gt; </content>
		<related-content>5&lt;br&gt;If you just put “controls” in the video tag, you will get the default play/pause button, a timer that shows the lapsed time, and a mute/unmute button. You can customize these controls, but make sure you have at least those three in there. &lt;br&gt;&lt;br&gt;Here is a very simple example of creating custom controls for the play/pause button using jQuery, courtesy of the HTML5 and CSS3 for the Real World book. This book is an excellent resource, though since it was written a few years ago. You do need to check on updated browser support for the HTML5 and CSS3 elements.&lt;br&gt;&lt;br&gt;This is the HTML for a div that is controlling the video controls. Also keep in mind that we’ve already set the video with the appropriate formats, and the ID for the video is ctivideo. You saw that code in the previous slide.&lt;br&gt;</related-content>
		<thumbnail href="data/thumb/thumb_slide_000005.jpg"/>
	</section>
	<section type="slide" position="6" xmlns="">
		<title>HTML5 Video- controls</title>
		<content> HTML5 Video- controls $(document).ready(function() {	var videoEl = $('#ctivideo')[0],		playPauseBtn = $('#playPause'),		vidControls = $('#controls'),		(Remember the HTML…)&lt;div id="controls" class="hidden"&gt;	&lt;div id="playPause" class="paused"&gt;Play/Pause&lt;/div&gt;	&lt;/div&gt; </content>
		<related-content>6&lt;br&gt;This code is setting it to focus on this video, and we are going to be setting variables to call the HTML IDs for controls and playPause we set on the last slide. This means we are storing the information from the IDs into variables to make it easier to write the code.&lt;br&gt;</related-content>
		<thumbnail href="data/thumb/thumb_slide_000006.jpg"/>
	</section>
	<section type="slide" position="7" xmlns="">
		<title>HTML5 Video- controls</title>
		<content> HTML5 Video- controls // Check to see if the video is already ready (if it's cached, for example)	if (videoEl.readyState == 4) {		videoEl.removeAttribute("controls");		vidControls.removeClass("hidden");	}	videoEl.addEventListener('canplathrough', function () {	  videoEl.removeAttribute("controls");		vidControls.removeClass("hidden");	}, true); </content>
		<related-content>7&lt;br&gt;The if statement is looking to make sure that the video is ready, meaning if it is loaded and ready to play. That’s what a 4 readystate is. If it is, we need to hide the default controls, which is what the removeClass line is doing. We’re hiding the default so we can create our own customized controls.&lt;br&gt;&lt;br&gt;The next set of code is looking at the video and we are setting it to listen for an event called canplaythrough. If it finds it, then it hides the controls. This particular set of code accesses the HTML5 video API, also known as the Media Elements API. Canplay and canplaythrough are built-in events within this API. Canplay means that the video is ready to play. Canplaythrough means the video is ready to play but will not be interrupted by buffering, so they are slightly different.&lt;br&gt;</related-content>
		<thumbnail href="data/thumb/thumb_slide_000007.jpg"/>
	</section>
	<section type="slide" position="8" xmlns="">
		<title>HTML5 Video- controls</title>
		<content> HTML5 Video- controls // click handler for play/pause button	playPauseBtn.bind('click', function () {		if (videoEl.paused) {			videoEl.play();		} else {			videoEl.pause();		}	}); </content>
		<related-content>8&lt;br&gt;Now we are adding a click event to a button called playPauseBtn by using bind. Think of bind as “binding” events to objects, a button in this case. If the user clicks, then it will do one of two things. If the video is already paused, it will play. If it is already playing, it will pause. Pretty simple. Note that play and pause are built-in methods, and paused is an attribute or a property. So play and pause have parameter parentheses after them, and paused does not. Remember from when you learned JavaScript that properties do not have parentheses after them but methods do. Thinking of it terms of a sentence, properties are the adjectives and methods are the verbs.&lt;br&gt;</related-content>
		<thumbnail href="data/thumb/thumb_slide_000008.jpg"/>
	</section>
	<section type="slide" position="9" xmlns="">
		<title>HTML5 Video- controls</title>
		<content> HTML5 Video- controls 	// listening for 'play' events	videoEl.addEventListener('play', function () {		playPauseBtn.addClass("playing");	}, false);	// listening for 'pause' events	videoEl.addEventListener('pause', function () {		playPauseBtn.removeClass("playing");	}, false); </content>
		<related-content>9&lt;br&gt;Then we have to listen for play and pause events. Again, these are built-in events within the video API. If the play event is heard, then a class called playing is added. This is a class you can style in CSS to give the user a visual cue that he/she clicked on the play button and the play button is now active. The same goes for the pause button. Note that when the pause event is detected, the class “playing” is removed.&lt;br&gt;</related-content>
		<thumbnail href="data/thumb/thumb_slide_000009.jpg"/>
	</section>
	<section type="slide" position="10" xmlns="">
		<title>HTML5 video player customization</title>
		<content>HTML5 video player customization You can customize your own player using JavaScript or jQuery and CSSOr you can use a jQuery plugin such as:jPlayer: http://jPlayer.orgMediaElement.js: http://mediaelementsjs.comjQPlayer: http://jqplayer.vebersol.net/Kaltura: http://html5video.org/wiki/HTML5_Video_Wiki </content>
		<related-content>10&lt;br&gt;Because HTML5 video and audio are becoming more prevalent, several coders have created media libraries, many of them in jQuery. These just make your life easier. You’ve seen that you can create your own controls but you also can create your own player. There also are plugins, and these can save you time. For your assignment, you will be converting video and customizing a player. You can create your own custom player and controls using JavaScript, which is part of the Lynda.com videos, or you can use one of the jQuery plugins. I will allow either. Make sure you check any documentation to make sure whichever you choose supports the browsers you need it to support. And always make sure you have that Flash fallback.&lt;br&gt;&lt;br&gt;jPlayer player is the most popular HTML5 media player out there right now and it uses jQuery.&lt;br&gt;&lt;br&gt;Kaltura is used by Wikipedia right now. It provides a consistent player interface no matter the browser, and it provides seamless Flash fallback.&lt;br&gt;</related-content>
		<thumbnail href="data/thumb/thumb_slide_000010.jpg"/>
	</section>
	<section type="slide" position="11" xmlns="">
		<title>Plugins for jQuery</title>
		<content>Plugins for jQuery Plugins extend the functionality of jQueryHundreds of plugins are availableAdd plugin code just like you would any other .js code&lt;script type="text/javascript" src="/path/to/jquery.pluginname.js"&gt;&lt;/script&gt; You can even write your own plugins! </content>
		<related-content>11&lt;br&gt;I want to mention a little more about plugins. &lt;br&gt;&lt;br&gt;There are hundreds of plugins written by developers, including Lightbox (uppercase) and the other lowercase lightboxes.&lt;br&gt;&lt;br&gt;So why would you want to write your own plugin? Well, let’s say you come up with an awesome function in one of your projects that could be used elsewhere. You can put it into a plugin and then have it available to you at any time for any project. &lt;br&gt;&lt;br&gt;</related-content>
		<thumbnail href="data/thumb/thumb_slide_000011.jpg"/>
	</section>
	<section type="slide" position="12" xmlns="">
		<title>HTML5 Audio</title>
		<content>HTML5 Audio Formats:MP3 (.mp3)AAC (.m4a)Ogg/Vorbis (.oga or .ogg)WAV (.wav)Flash fallback!     </content>
		<related-content>12&lt;br&gt;Now I want to talk about audio.&lt;br&gt;&lt;br&gt;MP3 you should be familiar with, especially if you have an iPod. &lt;br&gt;&lt;br&gt;The AAC format is similar to the MP4 video format but without the video data. AAC is considered to be the successor to MP3 and can achieve a higher quality sound than MP3.&lt;br&gt;&lt;br&gt;Ogg is the same as the video Ogg format without the video data.&lt;br&gt;&lt;br&gt;WAV is a higher file size than the other formats but it is supported by more browsers. I wouldn’t recommend this one because of the uncompressed format unless the sound is very quick, 10 seconds or less.&lt;br&gt;&lt;br&gt;My recommendation is to use AAC and Ogg/Vorbis as your two audio formats. Both will cover all browsers and your Flash fallback between them, and these formats are much more compressed than WAV.&lt;br&gt;&lt;br&gt;</related-content>
		<thumbnail href="data/thumb/thumb_slide_000012.jpg"/>
	</section>
	<section type="slide" position="13" xmlns="">
		<title>HTML5 Audio</title>
		<content>HTML5 Audio Tags:audio, sourceAttributes:src, loop, autoplay, preload, controls </content>
		<related-content>13&lt;br&gt;These tags and attributes are all similar to what you saw for video.&lt;br&gt;&lt;br&gt;Just so you know, there is an Audio API in the works for HTML5 but it’s not there yet. It’s being proposed by Mozilla.&lt;br&gt;</related-content>
		<thumbnail href="data/thumb/thumb_slide_000013.jpg"/>
	</section>
	<section type="slide" position="14" xmlns="">
		<title>HTML5 Video &amp; Audio -- Track element</title>
		<content>HTML5 Video &amp; Audio -- Track element Track element = captions, subtitles, screen reader descriptions, chaptersText file that contains timed cuesOnly supported in newest versions of browsersThere are plug-ins that allow for  
        captions as well! </content>
		<related-content>14&lt;br&gt;&lt;br&gt;</related-content>
		<thumbnail href="data/thumb/thumb_slide_000014.jpg"/>
	</section>
	<section type="slide" position="15" xmlns="">
		<title>HTML5 JavaScript APIs</title>
		<content>HTML5 JavaScript APIs Video and AudioCanvasDrag and DropNew SelectorsWeb StorageWeb WorkersWeb SocketsNotificationsGeolocation </content>
		<related-content>15&lt;br&gt;This is a good segue to touch on the myriad JavaScript APIs available for use with HTML5. These APIs will make your life easier as well. Basically, they extend the DOM to include some elements that have been missing or have been deemed useful to enhance HTML5 functionality.&lt;br&gt;&lt;br&gt;There’s one for the video  and elements, which you’ve already seen parts of in this lecture.&lt;br&gt;&lt;br&gt;Canvas we’ll be talking about in the final module.&lt;br&gt;&lt;br&gt; The New Selectors API adds getElementByClassName, which makes sense – there’s been a getElementByID for a long time but why not a Class Name?&lt;br&gt;&lt;br&gt;There are a couple for Web Storage.&lt;br&gt;&lt;br&gt;Workers are API for running scripts in the background independently of any user interface scripts. &lt;br&gt;&lt;br&gt;Web Sockets allow a web server to push data to a browser. Developers have been using AJAX XMLHttpRequest, but XHR makes developing web applications that communicate back and forth to the server unnecessarily complex.&lt;br&gt;</related-content>
		<thumbnail href="data/thumb/thumb_slide_000015.jpg"/>
	</section>
	<section type="slide" position="16" xmlns="">
		<title>Watch Lecture 3b!</title>
		<content>Watch Lecture 3b! Reading and assignment are at the end of Lecture 3b </content>
		<related-content>16&lt;br&gt;&lt;br&gt;</related-content>
		<thumbnail href="data/thumb/thumb_slide_000016.jpg"/>
	</section>
</document-metadata>
