<?xml version="1.0" encoding="utf-8"?>
<presentation width="720" height="540" defaultSlideDuration="5" start="play" buildNum="7.0.7.7746">
	<presentationTitle>GIT418_Lecture3</presentationTitle>
	<speakers>
		<speaker>
			<name>Deborah Prewitt</name>
		</speaker>
	</speakers>
	<search url="srchdata.xml"/>
	<presentationBg url="bg.swf"/>
	<masters><master url="Master0.swf" id="1" totalFrames="1"><backdrop frameNum="0"/></master></masters>
	<layouts><layout url="Layout0.swf" id="1" totalFrames="1"><backdrop displayBgSp="true"/></layout><layout url="Layout1.swf" id="2" totalFrames="1"><backdrop displayBgSp="true"/></layout></layouts>
	<slides>
		<slide id="256" showInTOC="" inSequence="" frameRate="30" totalFrames="27" swfConvertorEngine="Nova" slideDuration="51.88" advance="auto" blockMovement="false" type="normal">
			<content url="Slide0.swf" id="256"/>
			<backdrop displayBgSp="true"/>
			<master id="1" frameNum="0"/>
			<layout id="1" frameNum="0"/>
			<clickAnimations>
				<click startTime="300" isStartRelative="false" duration="666"/>
			</clickAnimations>
			<flvContents/>
			<audios id="1" duration=" 51880">
				<media url="a24x1x1.mp3" startMsecs="0" duration="51880" startAtMSecs="0"/>
			</audios>
			<playbackActions></playbackActions>
			<slideTitle>Lecture 3a</slideTitle>
			<notes isHTML="true">In this lecture, I want to take a quick look at audio and video in HTML5. This is the new way of doing video – it used to be Flash was the best and really only reliable way to display video. Now HTML5 is becoming more popular, mostly because it is viewable on Apple mobile devices as well as many tablets. It also does not require that the user download a Flash plugin in order to see the content. Your reading goes in depth with video and audio, so I just want to reinforce some of the key points, as well as give a few examples of how you can customize video and audio controls.&lt;br&gt;</notes>
			<slideThumbnail url="thumb.swf" frame="1"/>
			<slideSpeaker index="0"/>
		</slide>
		<slide id="267" showInTOC="" inSequence="" frameRate="30" totalFrames="71" swfConvertorEngine="Nova" slideDuration="103.94" advance="auto" blockMovement="false" type="normal">
			<content url="Slide1.swf" id="267"/>
			<backdrop displayBgSp="true"/>
			<master id="1" frameNum="0"/>
			<layout id="2" frameNum="0"/>
			<clickAnimations>
				<click startTime="3600" isStartRelative="false" duration="666"/>
				<click startTime="5000" isStartRelative="false" duration="666"/>
				<click startTime="10000" isStartRelative="false" duration="133"/>
				<click startTime="12200" isStartRelative="false" duration="167"/>
				<click startTime="45900" isStartRelative="false" duration="167"/>
				<click startTime="47300" isStartRelative="false" duration="167"/>
			</clickAnimations>
			<flvContents/>
			<audios id="2" duration=" 103940">
				<media url="a24x2x1.mp3" startMsecs="0" duration="103940" startAtMSecs="0"/>
			</audios>
			<playbackActions></playbackActions>
			<slideTitle>HTML5 Video</slideTitle>
			<notes isHTML="true">2&lt;br&gt;MP4 is supported by all the major browsers, except that in Firefox, it’s only the most recent versions. This is something that happens very often with HTML5 video -- only one format, usually mp4, is offered. That means no users of older Firefox versions can see the video. So you need to have WebM or Ogg in order to cover Firefox. WebM can be supported by IE by adding an add-on but that add-on may not work in older versions of IE. So your best bet is to have at least mp4 and WebM or Ogg, and of course have a Flash fallback. Older versions of all the major browsers don’t support HTML5 video, so you have to have a fallback in Flash for those browsers. &lt;br&gt;&lt;br&gt;&lt;br&gt;&lt;br&gt;</notes>
			<slideThumbnail url="thumb.swf" frame="2"/>
		</slide>
		<slide id="268" showInTOC="" inSequence="" frameRate="30" totalFrames="48" swfConvertorEngine="Nova" slideDuration="83.65" advance="auto" blockMovement="false" type="normal">
			<content url="Slide2.swf" id="268"/>
			<backdrop displayBgSp="true"/>
			<master id="1" frameNum="0"/>
			<layout id="2" frameNum="0"/>
			<clickAnimations>
				<click startTime="5200" isStartRelative="false" duration="666"/>
				<click startTime="31700" isStartRelative="false" duration="666"/>
			</clickAnimations>
			<flvContents/>
			<audios id="3" duration=" 83650">
				<media url="a24x3x1.mp3" startMsecs="0" duration="83650" startAtMSecs="0"/>
			</audios>
			<playbackActions></playbackActions>
			<slideTitle>HTML5 Video</slideTitle>
			<notes isHTML="true">3&lt;br&gt;Track allows for captions or subtitles. Unfortunately the Track attribute is only supported in Firefox 31 and above.&lt;br&gt;&lt;br&gt;Height and width are for the video, and SRC is the URL for the video. &lt;br&gt;&lt;br&gt;Controls are the controls for the video. Controls is a Boolean attribute, so if you have the word “controls”, then that means you are telling the browser you want the controls to be visible. This includes playback, time display and volume control. &lt;br&gt;&lt;br&gt;Autoplay tells the browser to automatically play the video when the page loads.&lt;br&gt;&lt;br&gt;&lt;br&gt;Loop will tell the browser to loop the video when it gets to the end. However, be careful using this one with autoplay. You will create an infinite loop.&lt;br&gt;&lt;br&gt;Poster is an image that displays before the playback starts. This is a URL for the image.&lt;br&gt;</notes>
			<slideThumbnail url="thumb.swf" frame="3"/>
		</slide>
		<slide id="269" showInTOC="" inSequence="" frameRate="30" totalFrames="1" swfConvertorEngine="Nova" slideDuration="57.83" advance="auto" blockMovement="false" type="normal">
			<content url="Slide3.swf" id="269"/>
			<backdrop displayBgSp="true"/>
			<master id="1" frameNum="0"/>
			<layout id="2" frameNum="0"/>
			<clickAnimations></clickAnimations>
			<flvContents/>
			<audios id="4" duration=" 57830">
				<media url="a24x4x1.mp3" startMsecs="0" duration="57830" startAtMSecs="0"/>
			</audios>
			<playbackActions></playbackActions>
			<slideTitle>HTML5 Video</slideTitle>
			<notes isHTML="true">4&lt;br&gt;Some browsers will need that type attribute in there as well. It’s good practice to include it anyway to make sure your bases are covered.&lt;br&gt;</notes>
			<slideThumbnail url="thumb.swf" frame="4"/>
		</slide>
		<slide id="270" showInTOC="" inSequence="" frameRate="30" totalFrames="24" swfConvertorEngine="Nova" slideDuration="77.2" advance="auto" blockMovement="false" type="normal">
			<content url="Slide4.swf" id="270"/>
			<backdrop displayBgSp="true"/>
			<master id="1" frameNum="0"/>
			<layout id="2" frameNum="0"/>
			<clickAnimations>
				<click startTime="21200" isStartRelative="false" duration="167"/>
				<click startTime="22400" isStartRelative="false" duration="167"/>
				<click startTime="23000" isStartRelative="false" duration="167"/>
			</clickAnimations>
			<flvContents/>
			<audios id="5" duration=" 77200">
				<media url="a24x5x1.mp3" startMsecs="0" duration="77200" startAtMSecs="0"/>
			</audios>
			<playbackActions></playbackActions>
			<slideTitle>HTML5 Video- controls</slideTitle>
			<notes isHTML="true">5&lt;br&gt;If you just put “controls” in the video tag, you will get the default play/pause button, a timer that shows the lapsed time, and a mute/unmute button. You can customize these controls, but make sure you have at least those three in there. &lt;br&gt;&lt;br&gt;Here is a very simple example of creating custom controls for the play/pause button using jQuery, courtesy of the HTML5 and CSS3 for the Real World book. This book is an excellent resource, though since it was written a few years ago. You do need to check on updated browser support for the HTML5 and CSS3 elements.&lt;br&gt;&lt;br&gt;This is the HTML for a div that is controlling the video controls. Also keep in mind that we’ve already set the video with the appropriate formats, and the ID for the video is ctivideo. You saw that code in the previous slide.&lt;br&gt;</notes>
			<slideThumbnail url="thumb.swf" frame="5"/>
		</slide>
		<slide id="271" showInTOC="" inSequence="" frameRate="30" totalFrames="36" swfConvertorEngine="Nova" slideDuration="65.91" advance="auto" blockMovement="false" type="normal">
			<content url="Slide5.swf" id="271"/>
			<backdrop displayBgSp="true"/>
			<master id="1" frameNum="0"/>
			<layout id="2" frameNum="0"/>
			<clickAnimations>
				<click startTime="900" isStartRelative="false" duration="167"/>
				<click startTime="1500" isStartRelative="false" duration="167"/>
				<click startTime="2100" isStartRelative="false" duration="167"/>
				<click startTime="2700" isStartRelative="false" duration="167"/>
				<click startTime="3600" isStartRelative="false" duration="167"/>
			</clickAnimations>
			<flvContents/>
			<audios id="6" duration=" 65910">
				<media url="a24x6x1.mp3" startMsecs="0" duration="65910" startAtMSecs="0"/>
			</audios>
			<playbackActions></playbackActions>
			<slideTitle>HTML5 Video- controls</slideTitle>
			<notes isHTML="true">6&lt;br&gt;This code is setting it to focus on this video, and we are going to be setting variables to call the HTML IDs for controls and playPause we set on the last slide. This means we are storing the information from the IDs into variables to make it easier to write the code.&lt;br&gt;</notes>
			<slideThumbnail url="thumb.swf" frame="6"/>
		</slide>
		<slide id="272" showInTOC="" inSequence="" frameRate="30" totalFrames="60" swfConvertorEngine="Nova" slideDuration="99.94" advance="auto" blockMovement="false" type="normal">
			<content url="Slide6.swf" id="272"/>
			<backdrop displayBgSp="true"/>
			<master id="1" frameNum="0"/>
			<layout id="2" frameNum="0"/>
			<clickAnimations>
				<click startTime="900" isStartRelative="false" duration="167"/>
				<click startTime="1600" isStartRelative="false" duration="167"/>
				<click startTime="2700" isStartRelative="false" duration="167"/>
				<click startTime="3400" isStartRelative="false" duration="167"/>
				<click startTime="5300" isStartRelative="false" duration="167"/>
				<click startTime="5800" isStartRelative="false" duration="167"/>
				<click startTime="6300" isStartRelative="false" duration="167"/>
				<click startTime="6800" isStartRelative="false" duration="167"/>
				<click startTime="8000" isStartRelative="false" duration="167"/>
			</clickAnimations>
			<flvContents/>
			<audios id="7" duration=" 99940">
				<media url="a24x7x1.mp3" startMsecs="0" duration="99940" startAtMSecs="0"/>
			</audios>
			<playbackActions></playbackActions>
			<slideTitle>HTML5 Video- controls</slideTitle>
			<notes isHTML="true">7&lt;br&gt;The if statement is looking to make sure that the video is ready, meaning if it is loaded and ready to play. That’s what a 4 readystate is. If it is, we need to hide the default controls, which is what the removeClass line is doing. We’re hiding the default so we can create our own customized controls.&lt;br&gt;&lt;br&gt;The next set of code is looking at the video and we are setting it to listen for an event called canplaythrough. If it finds it, then it hides the controls. This particular set of code accesses the HTML5 video API, also known as the Media Elements API. Canplay and canplaythrough are built-in events within this API. Canplay means that the video is ready to play. Canplaythrough means the video is ready to play but will not be interrupted by buffering, so they are slightly different.&lt;br&gt;</notes>
			<slideThumbnail url="thumb.swf" frame="7"/>
		</slide>
		<slide id="273" showInTOC="" inSequence="" frameRate="30" totalFrames="54" swfConvertorEngine="Nova" slideDuration="64.06" advance="auto" blockMovement="false" type="normal">
			<content url="Slide7.swf" id="273"/>
			<backdrop displayBgSp="true"/>
			<master id="1" frameNum="0"/>
			<layout id="2" frameNum="0"/>
			<clickAnimations>
				<click startTime="2300" isStartRelative="false" duration="167"/>
				<click startTime="2700" isStartRelative="false" duration="167"/>
				<click startTime="3200" isStartRelative="false" duration="167"/>
				<click startTime="3700" isStartRelative="false" duration="167"/>
				<click startTime="4100" isStartRelative="false" duration="167"/>
				<click startTime="4700" isStartRelative="false" duration="167"/>
				<click startTime="5200" isStartRelative="false" duration="167"/>
				<click startTime="5800" isStartRelative="false" duration="167"/>
			</clickAnimations>
			<flvContents/>
			<audios id="8" duration=" 64060">
				<media url="a24x8x1.mp3" startMsecs="0" duration="64060" startAtMSecs="0"/>
			</audios>
			<playbackActions></playbackActions>
			<slideTitle>HTML5 Video- controls</slideTitle>
			<notes isHTML="true">8&lt;br&gt;Now we are adding a click event to a button called playPauseBtn by using bind. Think of bind as “binding” events to objects, a button in this case. If the user clicks, then it will do one of two things. If the video is already paused, it will play. If it is already playing, it will pause. Pretty simple. Note that play and pause are built-in methods, and paused is an attribute or a property. So play and pause have parameter parentheses after them, and paused does not. Remember from when you learned JavaScript that properties do not have parentheses after them but methods do. Thinking of it terms of a sentence, properties are the adjectives and methods are the verbs.&lt;br&gt;</notes>
			<slideThumbnail url="thumb.swf" frame="8"/>
		</slide>
		<slide id="274" showInTOC="" inSequence="" frameRate="30" totalFrames="54" swfConvertorEngine="Nova" slideDuration="41.78" advance="auto" blockMovement="false" type="normal">
			<content url="Slide8.swf" id="274"/>
			<backdrop displayBgSp="true"/>
			<master id="1" frameNum="0"/>
			<layout id="2" frameNum="0"/>
			<clickAnimations>
				<click startTime="300" isStartRelative="false" duration="167"/>
				<click startTime="700" isStartRelative="false" duration="167"/>
				<click startTime="1100" isStartRelative="false" duration="167"/>
				<click startTime="1800" isStartRelative="false" duration="167"/>
				<click startTime="2200" isStartRelative="false" duration="167"/>
				<click startTime="2500" isStartRelative="false" duration="167"/>
				<click startTime="2800" isStartRelative="false" duration="167"/>
				<click startTime="3500" isStartRelative="false" duration="167"/>
			</clickAnimations>
			<flvContents/>
			<audios id="9" duration=" 41780">
				<media url="a24x9x1.mp3" startMsecs="0" duration="41780" startAtMSecs="0"/>
			</audios>
			<playbackActions></playbackActions>
			<slideTitle>HTML5 Video- controls</slideTitle>
			<notes isHTML="true">9&lt;br&gt;Then we have to listen for play and pause events. Again, these are built-in events within the video API. If the play event is heard, then a class called playing is added. This is a class you can style in CSS to give the user a visual cue that he/she clicked on the play button and the play button is now active. The same goes for the pause button. Note that when the pause event is detected, the class “playing” is removed.&lt;br&gt;</notes>
			<slideThumbnail url="thumb.swf" frame="9"/>
		</slide>
		<slide id="263" showInTOC="" inSequence="" frameRate="30" totalFrames="18" swfConvertorEngine="Nova" slideDuration="92.61" advance="auto" blockMovement="false" type="normal">
			<content url="Slide9.swf" id="263"/>
			<backdrop displayBgSp="true"/>
			<master id="1" frameNum="0"/>
			<layout id="2" frameNum="0"/>
			<clickAnimations>
				<click startTime="20000" isStartRelative="false" duration="167"/>
				<click startTime="41400" isStartRelative="false" duration="167"/>
			</clickAnimations>
			<flvContents/>
			<audios id="10" duration=" 92610">
				<media url="a24x10x1.mp3" startMsecs="0" duration="92610" startAtMSecs="0"/>
			</audios>
			<playbackActions></playbackActions>
			<slideTitle>HTML5 video player customization</slideTitle>
			<notes isHTML="true">10&lt;br&gt;Because HTML5 video and audio are becoming more prevalent, several coders have created media libraries, many of them in jQuery. These just make your life easier. You’ve seen that you can create your own controls but you also can create your own player. There also are plugins, and these can save you time. For your assignment, you will be converting video and customizing a player. You can create your own custom player and controls using JavaScript, which is part of the Lynda.com videos, or you can use one of the jQuery plugins. I will allow either. Make sure you check any documentation to make sure whichever you choose supports the browsers you need it to support. And always make sure you have that Flash fallback.&lt;br&gt;&lt;br&gt;jPlayer player is the most popular HTML5 media player out there right now and it uses jQuery.&lt;br&gt;&lt;br&gt;Kaltura is used by Wikipedia right now. It provides a consistent player interface no matter the browser, and it provides seamless Flash fallback.&lt;br&gt;</notes>
			<slideThumbnail url="thumb.swf" frame="10"/>
		</slide>
		<slide id="277" showInTOC="" inSequence="" frameRate="30" totalFrames="30" swfConvertorEngine="Nova" slideDuration="52.85" advance="auto" blockMovement="false" type="normal">
			<content url="Slide10.swf" id="277"/>
			<backdrop displayBgSp="true"/>
			<master id="1" frameNum="0"/>
			<layout id="2" frameNum="0"/>
			<clickAnimations>
				<click startTime="7400" isStartRelative="false" duration="167"/>
				<click startTime="11000" isStartRelative="false" duration="167"/>
				<click startTime="18400" isStartRelative="false" duration="167"/>
				<click startTime="36400" isStartRelative="false" duration="167"/>
			</clickAnimations>
			<flvContents/>
			<audios id="11" duration=" 52850">
				<media url="a24x11x1.mp3" startMsecs="0" duration="52850" startAtMSecs="0"/>
			</audios>
			<playbackActions></playbackActions>
			<slideTitle>Plugins for jQuery</slideTitle>
			<notes isHTML="true">11&lt;br&gt;I want to mention a little more about plugins. &lt;br&gt;&lt;br&gt;There are hundreds of plugins written by developers, including Lightbox (uppercase) and the other lowercase lightboxes.&lt;br&gt;&lt;br&gt;So why would you want to write your own plugin? Well, let’s say you come up with an awesome function in one of your projects that could be used elsewhere. You can put it into a plugin and then have it available to you at any time for any project. &lt;br&gt;&lt;br&gt;</notes>
			<slideThumbnail url="thumb.swf" frame="11"/>
		</slide>
		<slide id="258" showInTOC="" inSequence="" frameRate="30" totalFrames="57" swfConvertorEngine="Nova" slideDuration="120.9" advance="auto" blockMovement="false" type="normal">
			<content url="Slide11.swf" id="258"/>
			<backdrop displayBgSp="true"/>
			<master id="1" frameNum="0"/>
			<layout id="2" frameNum="0"/>
			<clickAnimations>
				<click startTime="4900" isStartRelative="false" duration="666"/>
				<click startTime="8300" isStartRelative="false" duration="167"/>
				<click startTime="10500" isStartRelative="false" duration="167"/>
				<click startTime="42600" isStartRelative="false" duration="167"/>
				<click startTime="62800" isStartRelative="false" duration="167"/>
				<click startTime="71000" isStartRelative="false" duration="167"/>
			</clickAnimations>
			<flvContents/>
			<audios id="12" duration=" 120900">
				<media url="a24x12x1.mp3" startMsecs="0" duration="120900" startAtMSecs="0"/>
			</audios>
			<playbackActions></playbackActions>
			<slideTitle>HTML5 Audio</slideTitle>
			<notes isHTML="true">12&lt;br&gt;Now I want to talk about audio.&lt;br&gt;&lt;br&gt;MP3 you should be familiar with, especially if you have an iPod. &lt;br&gt;&lt;br&gt;The AAC format is similar to the MP4 video format but without the video data. AAC is considered to be the successor to MP3 and can achieve a higher quality sound than MP3.&lt;br&gt;&lt;br&gt;Ogg is the same as the video Ogg format without the video data.&lt;br&gt;&lt;br&gt;WAV is a higher file size than the other formats but it is supported by more browsers. I wouldn’t recommend this one because of the uncompressed format unless the sound is very quick, 10 seconds or less.&lt;br&gt;&lt;br&gt;My recommendation is to use AAC and Ogg/Vorbis as your two audio formats. Both will cover all browsers and your Flash fallback between them, and these formats are much more compressed than WAV.&lt;br&gt;&lt;br&gt;</notes>
			<slideThumbnail url="thumb.swf" frame="12"/>
		</slide>
		<slide id="259" showInTOC="" inSequence="" frameRate="30" totalFrames="48" swfConvertorEngine="Nova" slideDuration="47.47" advance="auto" blockMovement="false" type="normal">
			<content url="Slide12.swf" id="259"/>
			<backdrop displayBgSp="true"/>
			<master id="1" frameNum="0"/>
			<layout id="2" frameNum="0"/>
			<clickAnimations>
				<click startTime="6600" isStartRelative="false" duration="666"/>
				<click startTime="11900" isStartRelative="false" duration="666"/>
			</clickAnimations>
			<flvContents/>
			<audios id="13" duration=" 47470">
				<media url="a24x13x1.mp3" startMsecs="0" duration="47470" startAtMSecs="0"/>
			</audios>
			<playbackActions></playbackActions>
			<slideTitle>HTML5 Audio</slideTitle>
			<notes isHTML="true">13&lt;br&gt;These tags and attributes are all similar to what you saw for video.&lt;br&gt;&lt;br&gt;Just so you know, there is an Audio API in the works for HTML5 but it’s not there yet. It’s being proposed by Mozilla.&lt;br&gt;</notes>
			<slideThumbnail url="thumb.swf" frame="13"/>
		</slide>
		<slide id="276" showInTOC="" inSequence="" frameRate="30" totalFrames="30" swfConvertorEngine="Nova" slideDuration="51.13" advance="auto" blockMovement="false" type="normal">
			<content url="Slide13.swf" id="276"/>
			<backdrop displayBgSp="true"/>
			<master id="1" frameNum="0"/>
			<layout id="2" frameNum="0"/>
			<clickAnimations>
				<click startTime="3000" isStartRelative="false" duration="167"/>
				<click startTime="9700" isStartRelative="false" duration="167"/>
				<click startTime="24400" isStartRelative="false" duration="167"/>
				<click startTime="38400" isStartRelative="false" duration="167"/>
			</clickAnimations>
			<flvContents/>
			<audios id="14" duration=" 51130">
				<media url="a24x14x1.mp3" startMsecs="0" duration="51130" startAtMSecs="0"/>
			</audios>
			<playbackActions></playbackActions>
			<slideTitle>HTML5 Video &amp; Audio -- Track element</slideTitle>
			<notes isHTML="true">14&lt;br&gt;&lt;br&gt;</notes>
			<slideThumbnail url="thumb.swf" frame="14"/>
		</slide>
		<slide id="264" showInTOC="" inSequence="" frameRate="30" totalFrames="60" swfConvertorEngine="Nova" slideDuration="113.89" advance="auto" blockMovement="false" type="normal">
			<content url="Slide14.swf" id="264"/>
			<backdrop displayBgSp="true"/>
			<master id="1" frameNum="0"/>
			<layout id="2" frameNum="0"/>
			<clickAnimations>
				<click startTime="24600" isStartRelative="false" duration="167"/>
				<click startTime="31600" isStartRelative="false" duration="167"/>
				<click startTime="36900" isStartRelative="false" duration="167"/>
				<click startTime="46100" isStartRelative="false" duration="167"/>
				<click startTime="59200" isStartRelative="false" duration="167"/>
				<click startTime="62600" isStartRelative="false" duration="167"/>
				<click startTime="71300" isStartRelative="false" duration="167"/>
				<click startTime="93400" isStartRelative="false" duration="167"/>
				<click startTime="95900" isStartRelative="false" duration="167"/>
			</clickAnimations>
			<flvContents/>
			<audios id="15" duration=" 113890">
				<media url="a24x15x1.mp3" startMsecs="0" duration="113890" startAtMSecs="0"/>
			</audios>
			<playbackActions></playbackActions>
			<slideTitle>HTML5 JavaScript APIs</slideTitle>
			<notes isHTML="true">15&lt;br&gt;This is a good segue to touch on the myriad JavaScript APIs available for use with HTML5. These APIs will make your life easier as well. Basically, they extend the DOM to include some elements that have been missing or have been deemed useful to enhance HTML5 functionality.&lt;br&gt;&lt;br&gt;There’s one for the video  and elements, which you’ve already seen parts of in this lecture.&lt;br&gt;&lt;br&gt;Canvas we’ll be talking about in the final module.&lt;br&gt;&lt;br&gt; The New Selectors API adds getElementByClassName, which makes sense – there’s been a getElementByID for a long time but why not a Class Name?&lt;br&gt;&lt;br&gt;There are a couple for Web Storage.&lt;br&gt;&lt;br&gt;Workers are API for running scripts in the background independently of any user interface scripts. &lt;br&gt;&lt;br&gt;Web Sockets allow a web server to push data to a browser. Developers have been using AJAX XMLHttpRequest, but XHR makes developing web applications that communicate back and forth to the server unnecessarily complex.&lt;br&gt;</notes>
			<slideThumbnail url="thumb.swf" frame="15"/>
		</slide>
		<slide id="278" showInTOC="" inSequence="" frameRate="30" totalFrames="27" swfConvertorEngine="Nova" slideDuration="33.8" advance="auto" blockMovement="false" type="normal">
			<content url="Slide15.swf" id="278"/>
			<backdrop displayBgSp="true"/>
			<master id="1" frameNum="0"/>
			<layout id="2" frameNum="0"/>
			<clickAnimations>
				<click startTime="27300" isStartRelative="false" duration="666"/>
			</clickAnimations>
			<flvContents/>
			<audios id="16" duration=" 33800">
				<media url="a24x16x1.mp3" startMsecs="0" duration="33800" startAtMSecs="0"/>
			</audios>
			<playbackActions></playbackActions>
			<slideTitle>Watch Lecture 3b!</slideTitle>
			<notes isHTML="true">16&lt;br&gt;&lt;br&gt;</notes>
			<slideThumbnail url="thumb.swf" frame="16"/>
		</slide>
	</slides>
	<quizzes>
		<reportingOptions isTracked="false"></reportingOptions>
		<quizSettings showQuestionList="true" showScores="true" showPassScore="false" showCurrentScore="false" showQuestionMarks="false" showAttempts="true" showQuizAttempts="false" showQuestionAttempts="false" showQuestionCorrectFeedback="true" showQuestionIncorrectFeedback="true" showQuizNavigationWarning="true"></quizSettings>
		<quiz quizID="10004" title="Quiz" numQuizAttemptsAllowed="1" minScore="0" passingScore="80" percent="true" passingGradeAction="nextSlide" passingGradeActionArg1="" passingGradeActionArg2="" failingGradeAction="nextSlide" failingGradeActionArg1="" failingGradeActionArg2="" questionAdvance="optional" quizAdvance="optional" showProgress="minimal" allowBackwardMovementInQuiz="true" allowReviewMode="true" passedScoreFeedback="Passed" failedScoreFeedback="Failed" shuffleQuestions="0">
			<questiongroups></questiongroups>
		</quiz>
	</quizzes>
	<attachments></attachments>
</presentation>
