<?xml version="1.0" encoding="utf-8"?>
<breeze-manifest version="1.0">
	<document type="slide-presentation" icon="presentation" duration="1158.84" section-count="16"/>
	<assets>
		<asset type="document-view">
			<entry href="viewer.swf" width="720" height="540"/>
			
<file href="data"/>
<file href="breeze-manifest.xml"/>
<file href="viewer.swf"/>
<file href="as2-wrapper.swf"/>
<file href="viewer-lite.swf"/>
<file href="components.swf"/>
<file href="loadflash.js"/>

           this must match previsely; the C++ code looks for this pattern 
        </asset>
		<asset type="document-metadata" location="file">
			<file href="data/srchdata.xml"/>
		</asset>
		<asset type="tracking-metadata" location="file">
			<file href="metadata/trackdta.xml"/>
		</asset>
	</assets>
</breeze-manifest>
