<?xml version="1.0" encoding="utf-8"?>
<document-metadata version="1.0" xmlns="http://breeze.macromedia.com/">
	<document-info>
		<title>GIT418_Lecture1b</title>
		<summary></summary>
		<author/>
		<keywords/>
		<thumbnail href="data/thumb/thumb_slide_000001.jpg"/><view-link href="/Viewer.swf?slide={position}"/>
	</document-info>
	<section type="slide" position="1" xmlns="">
		<title>Lecture 1b </title>
		<content>GIT418/598: Multimedia Authoring, Scripting &amp; Production                                                         1 Lecture 1b HTML5/CSS3 Introduction </content>
		<related-content></related-content>
		<thumbnail href="data/thumb/thumb_slide_000001.jpg"/></section>
	<section type="slide" position="2" xmlns="">
		<title>HTML5 – the basics </title>
		<content>HTML5 – the basics 5 new groups of HTML5 elements: Structural Block-level Inline Embedded media Interactivity/animation GIT418/598: Multimedia Authoring, Scripting &amp; Production                                                         2 Safari 8 Chrome 45 Opera 29 (Mac/Windows) Firefox 39 Internet Explorer 11 </content>
		<related-content>The&amp;#x20;thing&amp;#x20;with&amp;#x20;HTML5&amp;#x20;is&amp;#x20;that&amp;#x20;it&amp;#x2019;s&amp;#x20;not&amp;#x20;overtaking&amp;#x20;HTML4&amp;#x20;or&amp;#x20;XHTML1.&amp;#x20;It&amp;#x2019;s&amp;#x20;basically&amp;#x20;built&amp;#x20;on&amp;#x20;top&amp;#x20;of&amp;#x20;the&amp;#x20;HTML4&amp;#x20;platform,&amp;#x20;but&amp;#x20;it&amp;#x20;does&amp;#x20;make&amp;#x20;some&amp;#x20;changes&amp;#x20;and&amp;#x20;in&amp;#x20;my&amp;#x20;opinion,&amp;#x20;some&amp;#x20;great&amp;#x20;improvements.&amp;#x20;For&amp;#x20;the&amp;#x20;most&amp;#x20;part,&amp;#x20;the&amp;#x20;syntax&amp;#x20;is&amp;#x20;looser&amp;#x20;than&amp;#x20;XHTML.&lt;br&gt;&lt;br&gt;Block&amp;#x20;means&amp;#x20;it&amp;#x20;creates&amp;#x20;a&amp;#x20;separate&amp;#x20;block&amp;#x20;for&amp;#x20;the&amp;#x20;content,&amp;#x20;such&amp;#x20;as&amp;#x20;a&amp;#x20;div&amp;#x20;or&amp;#x20;a&amp;#x20;heading&amp;#x20;tag.&amp;#x20;Inline&amp;#x20;means&amp;#x20;it&amp;#x20;stays&amp;#x20;inline&amp;#x20;with&amp;#x20;the&amp;#x20;content,&amp;#x20;such&amp;#x20;as&amp;#x20;a&amp;#x20;span&amp;#x20;or&amp;#x20;em&amp;#x20;tag.&amp;#x20;The&amp;#x20;block-level&amp;#x20;and&amp;#x20;inline&amp;#x20;are&amp;#x20;considered&amp;#x20;semantic&amp;#x20;elements.&amp;#x20;What&amp;#x20;I&amp;#x20;mean&amp;#x20;by&amp;#x20;semantic&amp;#x20;is&amp;#x20;the&amp;#x20;elements&amp;#x20;that&amp;#x20;reinforce&amp;#x20;the&amp;#x20;meaning,&amp;#x20;or&amp;#x20;sometimes&amp;#x20;the&amp;#x20;importance,&amp;#x20;of&amp;#x20;the&amp;#x20;data.&amp;#x20;Typical&amp;#x20;semantic&amp;#x20;elements&amp;#x20;from&amp;#x20;HTML&amp;#x20;include&amp;#x20;the&amp;#x20;em&amp;#x20;tag,&amp;#x20;the&amp;#x20;cite&amp;#x20;tag,&amp;#x20;even&amp;#x20;the&amp;#x20;heading&amp;#x20;tags.&amp;#x20;Heading&amp;#x20;tags&amp;#x20;not&amp;#x20;only&amp;#x20;change&amp;#x20;the&amp;#x20;look&amp;#x20;but&amp;#x20;they&amp;#x20;also&amp;#x20;add&amp;#x20;emphasis&amp;#x20;for&amp;#x20;browsers&amp;#x20;and&amp;#x20;other&amp;#x20;user&amp;#x20;agents&amp;#x20;like&amp;#x20;screen&amp;#x20;readers.&lt;br&gt;&lt;br&gt;We&amp;#x2019;ll&amp;#x20;be&amp;#x20;looking&amp;#x20;at&amp;#x20;embedded&amp;#x20;media&amp;#x20;and&amp;#x20;animation&amp;#x20;in&amp;#x20;future&amp;#x20;modules.&lt;br&gt;&lt;br&gt;Technically&amp;#x20;there&amp;#x20;are&amp;#x20;additional&amp;#x20;new&amp;#x20;features&amp;#x20;including&amp;#x20;geolocation&amp;#x20;and&amp;#x20;web&amp;#x20;storage.&amp;#x20;Unfortunately&amp;#x20;we&amp;#x20;don&amp;#x2019;t&amp;#x20;have&amp;#x20;enough&amp;#x20;time&amp;#x20;to&amp;#x20;cover&amp;#x20;these&amp;#x20;topics&amp;#x20;in&amp;#x20;this&amp;#x20;class,&amp;#x20;but&amp;#x20;the&amp;#x20;book&amp;#x20;does&amp;#x20;go&amp;#x20;over&amp;#x20;them&amp;#x20;so&amp;#x20;feel&amp;#x20;free&amp;#x20;to&amp;#x20;take&amp;#x20;a&amp;#x20;look&amp;#x20;and&amp;#x20;play.&lt;br&gt;&lt;br&gt;Note&amp;#x20;that&amp;#x20;there&amp;#x20;are&amp;#x20;so&amp;#x20;many&amp;#x20;other&amp;#x20;tags&amp;#x20;for&amp;#x20;HTML5&amp;#x20;that&amp;#x20;I&amp;#x2019;m&amp;#x20;not&amp;#x20;mentioning.&amp;#x20;I&amp;#x2019;m&amp;#x20;concentrating&amp;#x20;on&amp;#x20;those&amp;#x20;that&amp;#x20;will&amp;#x20;be&amp;#x20;used&amp;#x20;more&amp;#x20;often,&amp;#x20;as&amp;#x20;well&amp;#x20;as&amp;#x20;those&amp;#x20;that&amp;#x20;are&amp;#x20;supported&amp;#x20;by&amp;#x20;all,&amp;#x20;or&amp;#x20;almost&amp;#x20;all,&amp;#x20;of&amp;#x20;the&amp;#x20;major&amp;#x20;browsers&amp;#x20;today.&amp;#x20;And&amp;#x20;I&amp;#x2019;m&amp;#x20;talking&amp;#x20;about&amp;#x20;the&amp;#x20;most&amp;#x20;recent&amp;#x20;versions&amp;#x20;of&amp;#x20;these&amp;#x20;browsers.&amp;#x20;Many&amp;#x20;older&amp;#x20;versions&amp;#x20;do&amp;#x20;not&amp;#x20;support&amp;#x20;these&amp;#x20;new&amp;#x20;features.&lt;br&gt;&lt;br&gt;You&amp;#x20;will&amp;#x20;see&amp;#x20;the&amp;#x20;symbols&amp;#x20;on&amp;#x20;the&amp;#x20;screen,&amp;#x20;and&amp;#x20;each&amp;#x20;of&amp;#x20;those&amp;#x20;stands&amp;#x20;for&amp;#x20;the&amp;#x20;most&amp;#x20;recent&amp;#x20;version&amp;#x20;of&amp;#x20;the&amp;#x20;browser.&amp;#x20;And&amp;#x20;when&amp;#x20;I&amp;#x20;say&amp;#x20;most&amp;#x20;recent,&amp;#x20;I&amp;#x20;mean&amp;#x20;the&amp;#x20;most&amp;#x20;recent&amp;#x20;stable&amp;#x20;version.&amp;#x20;There&amp;#x20;are&amp;#x20;some&amp;#x20;beta&amp;#x20;versions&amp;#x20;out&amp;#x20;there&amp;#x20;or&amp;#x20;versions&amp;#x20;that&amp;#x20;are&amp;#x20;too&amp;#x20;new&amp;#x20;to&amp;#x20;be&amp;#x20;considered&amp;#x20;stable,&amp;#x20;so&amp;#x20;these&amp;#x20;are&amp;#x20;the&amp;#x20;most&amp;#x20;recent&amp;#x20;stable&amp;#x20;versions.&amp;#x20;Many&amp;#x20;of&amp;#x20;the&amp;#x20;features&amp;#x20;from&amp;#x20;HTML5&amp;#x20;are&amp;#x20;not&amp;#x20;supported&amp;#x20;by&amp;#x20;IE8&amp;#x20;or&amp;#x20;earlier,&amp;#x20;though&amp;#x20;you&amp;#x20;can&amp;#x20;get&amp;#x20;around&amp;#x20;that&amp;#x20;by&amp;#x20;adding&amp;#x20;a&amp;#x20;JavaScript&amp;#x20;statement&amp;#x20;called&amp;#x20;HTML5&amp;#x20;shiv.&amp;#x20;The&amp;#x20;rest&amp;#x20;of&amp;#x20;the&amp;#x20;symbols&amp;#x20;are&amp;#x20;for&amp;#x20;the&amp;#x20;newest&amp;#x20;stable&amp;#x20;releases&amp;#x20;of&amp;#x20;browsers.&lt;br&gt;</related-content>
		<thumbnail href="data/thumb/thumb_slide_000002.jpg"/></section>
	<section type="slide" position="3" xmlns="">
		<title>HTML5 - structural elements </title>
		<content>HTML5 - structural elements section = anything that had its own heading in HTML4 header = header shown on page footer = where the “fine print goes” nav = main links to other pages article = individual entry GIT418/598: Multimedia Authoring, Scripting &amp; Production                                                         3 </content>
		<related-content>You&amp;#x20;also&amp;#x20;can&amp;#x20;think&amp;#x20;of&amp;#x20;section&amp;#x20;as&amp;#x20;part&amp;#x20;or&amp;#x20;chapter&amp;#x20;in&amp;#x20;a&amp;#x20;book,&amp;#x20;a&amp;#x20;section&amp;#x20;in&amp;#x20;a&amp;#x20;chapter.&lt;br&gt;&lt;br&gt;The&amp;#x20;header&amp;#x20;is&amp;#x20;not&amp;#x20;the&amp;#x20;same&amp;#x20;as&amp;#x20;the&amp;#x20;&amp;lt;head&amp;gt;&amp;#x20;tag.&amp;#x20;This&amp;#x20;is&amp;#x20;normally&amp;#x20;where&amp;#x20;the&amp;#x20;logo&amp;#x20;and&amp;#x20;main&amp;#x20;branding&amp;#x20;happen.&lt;br&gt;&lt;br&gt;Think&amp;#x20;of&amp;#x20;article&amp;#x20;in&amp;#x20;the&amp;#x20;context&amp;#x20;of&amp;#x20;a&amp;#x20;newspaper.&amp;#x20;It&amp;#x2019;s&amp;#x20;an&amp;#x20;individual&amp;#x20;group&amp;#x20;of&amp;#x20;text.&lt;br&gt;&lt;br&gt;These&amp;#x20;can&amp;#x20;do&amp;#x20;wonders&amp;#x20;if&amp;#x20;you&amp;#x20;have&amp;#x20;a&amp;#x20;bunch&amp;#x20;of&amp;#x20;divs&amp;#x20;to,&amp;#x20;for&amp;#x20;example,&amp;#x20;create&amp;#x20;a&amp;#x20;layout&amp;#x20;where&amp;#x20;you&amp;#x20;have&amp;#x20;a&amp;#x20;main&amp;#x20;navigation,&amp;#x20;a&amp;#x20;main&amp;#x20;body,&amp;#x20;a&amp;#x20;sidebar,&amp;#x20;a&amp;#x20;header&amp;#x20;and&amp;#x20;a&amp;#x20;footer.&amp;#x20;You&amp;#x2019;d&amp;#x20;have&amp;#x20;to&amp;#x20;have&amp;#x20;separate&amp;#x20;divs&amp;#x20;for&amp;#x20;all.&amp;#x20;Now&amp;#x20;you&amp;#x20;can&amp;#x20;have&amp;#x20;specific&amp;#x20;elements&amp;#x20;for&amp;#x20;each.&lt;br&gt;</related-content>
		<thumbnail href="data/thumb/thumb_slide_000003.jpg"/></section>
	<section type="slide" position="4" xmlns="">
		<title>HTML5 - structural elements </title>
		<content>HTML5 - structural elements &lt;div id = “header”&gt; &lt;div id = “footer”&gt; &lt;div id = “nav”&gt; &lt;div id = “container”&gt; &lt;div id = “article1”&gt; &lt;div id = “article2”&gt; &lt;div id = “article3”&gt; </content>
		<related-content>This&amp;#x20;is&amp;#x20;an&amp;#x20;example&amp;#x20;of&amp;#x20;a&amp;#x20;layout&amp;#x20;using&amp;#x20;the&amp;#x20;standard&amp;#x20;IDs&amp;#x20;with&amp;#x20;the&amp;#x20;divs.&amp;#x20;You&amp;apos;d&amp;#x20;have&amp;#x20;one&amp;#x20;ID&amp;#x20;for&amp;#x20;the&amp;#x20;header,&amp;#x20;one&amp;#x20;for&amp;#x20;the&amp;#x20;navigation,&amp;#x20;etc.&amp;#x20;All&amp;#x20;would&amp;#x20;need&amp;#x20;that&amp;#x20;div&amp;#x20;id&amp;#x20;equals&amp;#x20;and&amp;#x20;the&amp;#x20;ID&amp;#x20;in&amp;#x20;quotes.&lt;br&gt;&lt;br&gt;</related-content>
		<thumbnail href="data/thumb/thumb_slide_000004.jpg"/></section>
	<section type="slide" position="5" xmlns="">
		<title>HTML5 - structural elements </title>
		<content>HTML5 - structural elements &lt;header&gt; &lt;footer&gt; &lt;nav&gt; &lt;section&gt; &lt;article&gt; &lt;article&gt; &lt;article&gt; </content>
		<related-content>In&amp;#x20;HTML5,&amp;#x20;you&amp;#x20;can&amp;#x20;do&amp;#x20;away&amp;#x20;with&amp;#x20;the&amp;#x20;div&amp;#x20;id&amp;#x20;equals&amp;#x20;for&amp;#x20;these&amp;#x20;specific&amp;#x20;elements.&amp;#x20;It&amp;#x20;saves&amp;#x20;time&amp;#x20;for&amp;#x20;not&amp;#x20;having&amp;#x20;to&amp;#x20;write&amp;#x20;as&amp;#x20;much&amp;#x20;code,&amp;#x20;but&amp;#x20;more&amp;#x20;importantly,&amp;#x20;these&amp;#x20;are&amp;#x20;semantic&amp;#x20;tags.&amp;#x20;Browsers,&amp;#x20;including&amp;#x20;some&amp;#x20;screenreaders,&amp;#x20;will&amp;#x20;read&amp;#x20;these&amp;#x20;and&amp;#x20;put&amp;#x20;the&amp;#x20;proper&amp;#x20;emphasis&amp;#x20;on&amp;#x20;whatever&amp;#x20;is&amp;#x20;between&amp;#x20;the&amp;#x20;open&amp;#x20;and&amp;#x20;close&amp;#x20;tags.&amp;#x20;This&amp;#x20;is&amp;#x20;very&amp;#x20;important&amp;#x20;for&amp;#x20;accessibility.&lt;br&gt;</related-content>
		<thumbnail href="data/thumb/thumb_slide_000005.jpg"/></section>
	<section type="slide" position="6" xmlns="">
		<title>HTML5 – block-level elements </title>
		<content>HTML5 – block-level elements aside = used to indicate sidebar, pullquote or other content outside of the “normal” content figure = used to indicate an image that is referenced in text figcaption = used to indicate a caption for a figure GIT418/598: Multimedia Authoring, Scripting &amp; Production                                                         6 </content>
		<related-content>Remember,&amp;#x20;these&amp;#x20;elements&amp;#x20;are&amp;#x20;semantic,&amp;#x20;meaning&amp;#x20;they&amp;#x20;are&amp;#x20;giving&amp;#x20;special&amp;#x20;emphasis&amp;#x20;to&amp;#x20;whatever&amp;#x20;is&amp;#x20;between&amp;#x20;the&amp;#x20;open&amp;#x20;and&amp;#x20;close&amp;#x20;tags.&lt;br&gt;</related-content>
		<thumbnail href="data/thumb/thumb_slide_000006.jpg"/></section>
	<section type="slide" position="7" xmlns="">
		<title>HTML5 – inline elements </title>
		<content>HTML5 – inline elements mark = used to highlight text Forms input types: email – all range – all url – all but Safari tel - none (except mobile browsers) search – only Chrome and Safari date – only Chrome and Safari time – only Chrome and Safari GIT418/598: Multimedia Authoring, Scripting &amp; Production                                                         7 </content>
		<related-content>With&amp;#x20;mark,&amp;#x20;you&amp;#x20;can&amp;#x20;indicate&amp;#x20;what&amp;#x20;highlight&amp;#x20;color&amp;#x20;you&amp;#x20;want&amp;#x20;using&amp;#x20;CSS&amp;#x20;style&amp;#x20;with&amp;#x20;the&amp;#x20;background-color&amp;#x20;attribute.&lt;br&gt;&lt;br&gt;These&amp;#x20;next&amp;#x20;elements&amp;#x20;have&amp;#x20;to&amp;#x20;do&amp;#x20;with&amp;#x20;forms,&amp;#x20;and&amp;#x20;they&amp;#x20;are&amp;#x20;new&amp;#x20;input&amp;#x20;types.&amp;#x20;They&amp;#x20;are&amp;#x20;inline,&amp;#x20;since&amp;#x20;they&amp;#x20;stay&amp;#x20;with&amp;#x20;their&amp;#x20;respective&amp;#x20;content.&amp;#x20;The&amp;#x20;cool&amp;#x20;thing&amp;#x20;with&amp;#x20;these&amp;#x20;is&amp;#x20;that&amp;#x20;they&amp;#x20;automatically&amp;#x20;validate.&amp;#x20;Support&amp;#x20;for&amp;#x20;these&amp;#x20;elements&amp;#x20;varies.&amp;#x20;However,&amp;#x20;you&amp;#x20;can&amp;#x20;use&amp;#x20;these&amp;#x20;with&amp;#x20;something&amp;#x20;called&amp;#x20;polyfills,&amp;#x20;which&amp;#x20;you&amp;#x2019;ll&amp;#x20;learn&amp;#x20;about&amp;#x20;in&amp;#x20;a&amp;#x20;future&amp;#x20;module.&lt;br&gt;</related-content>
		<thumbnail href="data/thumb/thumb_slide_000007.jpg"/></section>
	<section type="slide" position="8" xmlns="">
		<title>HTML5 – embedded media elements </title>
		<content>HTML5 – embedded media elements video = can embed 3 supported video formats  (mp4, webm, ogg) audio = can embed 3 supported audio formats (mp3, wav, ogg) GIT418/598: Multimedia Authoring, Scripting &amp; Production                                                         8 </content>
		<related-content>We&amp;#x2019;re&amp;#x20;going&amp;#x20;to&amp;#x20;be&amp;#x20;devoting&amp;#x20;an&amp;#x20;entire&amp;#x20;module&amp;#x20;to&amp;#x20;these&amp;#x20;elements&amp;#x20;so&amp;#x20;here&amp;#x2019;s&amp;#x20;a&amp;#x20;quick&amp;#x20;rundown.&lt;br&gt;&lt;br&gt;Both&amp;#x20;elements&amp;#x20;also&amp;#x20;allows&amp;#x20;for&amp;#x20;some&amp;#x20;controls&amp;#x20;such&amp;#x20;as&amp;#x20;play&amp;#x20;and&amp;#x20;pause,&amp;#x20;and&amp;#x20;also&amp;#x20;a&amp;#x20;volume&amp;#x20;control.&amp;#x20;And&amp;#x20;those&amp;#x20;controls&amp;#x20;can&amp;#x20;be&amp;#x20;customized.&lt;br&gt;&lt;br&gt;With&amp;#x20;both&amp;#x20;the&amp;#x20;video&amp;#x20;and&amp;#x20;audio&amp;#x20;elements,&amp;#x20;not&amp;#x20;all&amp;#x20;formats&amp;#x20;will&amp;#x20;work&amp;#x20;with&amp;#x20;all&amp;#x20;browsers.&amp;#x20;For&amp;#x20;example,&amp;#x20;IE9&amp;#x20;only&amp;#x20;supports&amp;#x20;mp4&amp;#x20;for&amp;#x20;video&amp;#x20;and&amp;#x20;mp3&amp;#x20;for&amp;#x20;audio,&amp;#x20;but&amp;#x20;Firefox&amp;#x20;doesn&amp;#x2019;t&amp;#x20;support&amp;#x20;either&amp;#x20;of&amp;#x20;those&amp;#x20;formats.&amp;#x20;However,&amp;#x20;because&amp;#x20;you&amp;#x20;can&amp;#x20;declare&amp;#x20;each&amp;#x20;of&amp;#x20;the&amp;#x20;formats&amp;#x20;within&amp;#x20;one&amp;#x20;video&amp;#x20;or&amp;#x20;audio&amp;#x20;tag&amp;#x20;using&amp;#x20;the&amp;#x20;source&amp;#x20;attribute,&amp;#x20;you&amp;#x20;have&amp;#x20;your&amp;#x20;bases&amp;#x20;covered.&lt;br&gt;</related-content>
		<thumbnail href="data/thumb/thumb_slide_000008.jpg"/></section>
	<section type="slide" position="9" xmlns="">
		<title>HTML5 – interactivity/animation </title>
		<content>HTML5 – interactivity/animation menu = used to create a menu of commands command = used to create a command such as checkbox, radio button GIT418/598: Multimedia Authoring, Scripting &amp; Production                                                         9 </content>
		<related-content>Menu&amp;#x20;has&amp;#x20;been&amp;#x20;around&amp;#x20;for&amp;#x20;a&amp;#x20;while&amp;#x20;but&amp;#x20;it&amp;#x20;was&amp;#x20;deprecated&amp;#x20;in&amp;#x20;HTML4.&amp;#x20;But&amp;#x20;it&amp;#x20;was&amp;#x20;redefined&amp;#x20;and&amp;#x20;it&amp;#x2019;s&amp;#x20;back&amp;#x20;now,&amp;#x20;and&amp;#x20;is&amp;#x20;very&amp;#x20;useful&amp;#x20;for&amp;#x20;contextual&amp;#x20;menus&amp;#x20;in&amp;#x20;web&amp;#x20;applications.&amp;#x20;The&amp;#x20;bummer&amp;#x20;about&amp;#x20;the&amp;#x20;menu&amp;#x20;tag&amp;#x20;is&amp;#x20;that&amp;#x20;it&amp;#x20;isn&amp;#x2019;t&amp;#x20;supported&amp;#x20;in&amp;#x20;any&amp;#x20;current&amp;#x20;browsers&amp;#x20;except&amp;#x20;Firefox.&amp;#x20;Look&amp;#x20;for&amp;#x20;that&amp;#x20;to&amp;#x20;change.&lt;br&gt;</related-content>
		<thumbnail href="data/thumb/thumb_slide_000009.jpg"/></section>
	<section type="slide" position="10" xmlns="">
		<title>HTML5 – interactivity/animation </title>
		<content>HTML5 – interactivity/animation canvas = draw graphics using JavaScript svg = Scalable Vector Graphics = uses XML to define graphics CSS3 coolness! GIT418/598: Multimedia Authoring, Scripting &amp; Production                                                         10 </content>
		<related-content>So&amp;#x20;what&amp;#x20;else&amp;#x20;is&amp;#x20;new?&amp;#x20;One&amp;#x20;of&amp;#x20;the&amp;#x20;coolest&amp;#x20;new&amp;#x20;features,&amp;#x20;in&amp;#x20;my&amp;#x20;opinion,&amp;#x20;is&amp;#x20;the&amp;#x20;ability&amp;#x20;to&amp;#x20;draw&amp;#x20;and&amp;#x20;manipulate&amp;#x20;graphics&amp;#x20;in&amp;#x20;new&amp;#x20;ways.&amp;#x20;And&amp;#x20;we&amp;#x2019;ll&amp;#x20;be&amp;#x20;devoting&amp;#x20;the&amp;#x20;final&amp;#x20;module&amp;#x20;to&amp;#x20;this.&lt;br&gt;&lt;br&gt;You&amp;#x20;can&amp;#x20;use&amp;#x20;any&amp;#x20;scripting&amp;#x20;but&amp;#x20;JavaScript&amp;#x20;and&amp;#x20;jQuery&amp;#x20;is&amp;#x20;what&amp;#x20;we&amp;#x2019;ll&amp;#x20;be&amp;#x20;using.&lt;br&gt;&lt;br&gt;With&amp;#x20;CSS3,&amp;#x20;you&amp;#x20;also&amp;#x20;can&amp;#x20;do&amp;#x20;some&amp;#x20;very&amp;#x20;cool&amp;#x20;2D&amp;#x20;and&amp;#x20;3D&amp;#x20;transformations,&amp;#x20;different&amp;#x20;types&amp;#x20;of&amp;#x20;transitions&amp;#x20;and&amp;#x20;even&amp;#x20;animation.&lt;br&gt;</related-content>
		<thumbnail href="data/thumb/thumb_slide_000010.jpg"/></section>
	<section type="slide" position="11" xmlns="">
		<title>HTML5 – deprecated tags </title>
		<content>HTML5 – deprecated tags &lt;acronym&gt; &lt;applet&gt; &lt;basefont&gt; &lt;big&gt; &lt;center&gt; &lt;dir&gt; &lt;font&gt; &lt;frame&gt; &lt;frameset&gt; &lt;noframes&gt; &lt;strike&gt; &lt;tt&gt; &lt;u&gt; GIT418/598: Multimedia Authoring, Scripting &amp; Production                                                         11 </content>
		<related-content>These&amp;#x20;are&amp;#x20;tags&amp;#x20;that&amp;#x20;have&amp;#x20;been&amp;#x20;deprecated,&amp;#x20;or&amp;#x20;considered&amp;#x20;obsolete,&amp;#x20;in&amp;#x20;HTML5.&lt;br&gt;&lt;br&gt;&amp;lt;dir&amp;gt;&amp;#x20;is&amp;#x20;to&amp;#x20;designate&amp;#x20;a&amp;#x20;directory.&lt;br&gt;&lt;br&gt;&amp;lt;tt&amp;gt;&amp;#x20;is&amp;#x20;to&amp;#x20;designate&amp;#x20;teletype&amp;#x20;text.&lt;br&gt;</related-content>
		<thumbnail href="data/thumb/thumb_slide_000011.jpg"/></section>
	<section type="slide" position="12" xmlns="">
		<title>CSS3 – the basics </title>
		<content>CSS3 – the basics CSS3 is modular Some CSS3 requires extra help: Safari, Chrome, Android = -webkit- Firefox = -moz- Opera = -o- GIT418/598: Multimedia Authoring, Scripting &amp; Production                                                         12 </content>
		<related-content>And&amp;#x20;speaking&amp;#x20;of&amp;#x20;CSS3,&amp;#x20;let&amp;#x2019;s&amp;#x20;go&amp;#x20;over&amp;#x20;the&amp;#x20;basics&amp;#x20;here.&lt;br&gt;&lt;br&gt;The&amp;#x20;thing&amp;#x20;with&amp;#x20;CSS3&amp;#x20;that&amp;#x20;is&amp;#x20;a&amp;#x20;little&amp;#x20;different&amp;#x20;than&amp;#x20;CSS2&amp;#x20;is&amp;#x20;that&amp;#x20;CSS3&amp;#x20;is&amp;#x20;more&amp;#x20;modularly&amp;#x20;based.&amp;#x20;Instead&amp;#x20;of&amp;#x20;just&amp;#x20;hap-hazardly&amp;#x20;putting&amp;#x20;CSS&amp;#x20;in&amp;#x20;with&amp;#x20;different&amp;#x20;IDs&amp;#x20;or&amp;#x20;classes,&amp;#x20;there&amp;#x20;are&amp;#x20;actually&amp;#x20;subsets&amp;#x20;of&amp;#x20;styles&amp;#x20;that&amp;#x20;are&amp;#x20;specific&amp;#x20;to&amp;#x20;functionality&amp;#x20;or&amp;#x20;style.&amp;#x20;There&amp;#x20;is&amp;#x20;a&amp;#x20;module&amp;#x20;for&amp;#x20;backgrounds&amp;#x20;and&amp;#x20;borders,&amp;#x20;one&amp;#x20;for&amp;#x20;text&amp;#x20;effects,&amp;#x20;even&amp;#x20;one&amp;#x20;for&amp;#x20;animations.&amp;#x20;We&amp;#x2019;ll&amp;#x20;talk&amp;#x20;about&amp;#x20;those&amp;#x20;in&amp;#x20;a&amp;#x20;few&amp;#x20;slides.&lt;br&gt;&lt;br&gt;You&amp;#x20;may&amp;#x20;see&amp;#x20;the&amp;#x20;&amp;#x2013;webkit,&amp;#x20;-moz,&amp;#x20;and&amp;#x20;&amp;#x2013;opera&amp;#x20;prefixes&amp;#x20;on&amp;#x20;some&amp;#x20;CSS.&amp;#x20;These&amp;#x20;are&amp;#x20;called&amp;#x20;vendor&amp;#x20;prefixes.&amp;#x20;See,&amp;#x20;much&amp;#x20;of&amp;#x20;the&amp;#x20;CSS3&amp;#x20;effects&amp;#x20;are&amp;#x20;not&amp;#x20;native&amp;#x20;to&amp;#x20;browsers.&amp;#x20;In&amp;#x20;other&amp;#x20;words,&amp;#x20;they&amp;#x20;cannot&amp;#x20;display&amp;#x20;the&amp;#x20;effects&amp;#x20;without&amp;#x20;some&amp;#x20;extra&amp;#x20;help.&amp;#x20;That&amp;#x2019;s&amp;#x20;what&amp;#x20;these&amp;#x20;prefixes&amp;#x20;do;&amp;#x20;they&amp;#x20;add&amp;#x20;in&amp;#x20;the&amp;#x20;functionality&amp;#x20;needed&amp;#x20;to&amp;#x20;display&amp;#x20;the&amp;#x20;effects.&amp;#x20;As&amp;#x20;new&amp;#x20;browser&amp;#x20;versions&amp;#x20;come&amp;#x20;online,&amp;#x20;I&amp;#x2019;m&amp;#x20;willing&amp;#x20;to&amp;#x20;bet&amp;#x20;these&amp;#x20;prefixes&amp;#x20;will&amp;#x20;become&amp;#x20;a&amp;#x20;thing&amp;#x20;of&amp;#x20;the&amp;#x20;past.&amp;#x20;But&amp;#x20;for&amp;#x20;now,&amp;#x20;you&amp;#x20;may&amp;#x20;need&amp;#x20;to&amp;#x20;add&amp;#x20;these.&lt;br&gt;</related-content>
		<thumbnail href="data/thumb/thumb_slide_000012.jpg"/></section>
	<section type="slide" position="13" xmlns="">
		<title>CSS3 – modules </title>
		<content>CSS3 – modules Backgrounds Borders Box Text effects Color 2D/3D transformations Animations GIT418/598: Multimedia Authoring, Scripting &amp; Production                                                         13 </content>
		<related-content>There&amp;#x20;are&amp;#x20;more&amp;#x20;modules&amp;#x20;than&amp;#x20;those&amp;#x20;listed&amp;#x20;here&amp;#x20;but&amp;#x20;these&amp;#x20;are&amp;#x20;the&amp;#x20;ones&amp;#x20;that&amp;#x20;have&amp;#x20;the&amp;#x20;newest&amp;#x20;features&amp;#x20;with&amp;#x20;the&amp;#x20;most&amp;#x20;browser&amp;#x20;support.&lt;br&gt;&lt;br&gt;There&amp;#x2019;s&amp;#x20;also&amp;#x20;a&amp;#x20;cool&amp;#x20;one&amp;#x20;that&amp;#x20;has&amp;#x20;to&amp;#x20;do&amp;#x20;with&amp;#x20;multi-column&amp;#x20;layouts&amp;#x20;but&amp;#x20;unfortunately&amp;#x20;IE&amp;#x20;isn&amp;#x2019;t&amp;#x20;playing&amp;#x20;nice&amp;#x20;with&amp;#x20;it.&amp;#x20;&lt;br&gt;</related-content>
		<thumbnail href="data/thumb/thumb_slide_000013.jpg"/></section>
	<section type="slide" position="14" xmlns="">
		<title>CSS3 – backgrounds </title>
		<content>CSS3 – backgrounds background-clip = specifies “painting” area of background within the box background-origin = where the background image relative to the box background-size = specifies size of background image GIT418/598: Multimedia Authoring, Scripting &amp; Production                                                         14 Source: W3C Schools </content>
		<related-content>When&amp;#x20;I&amp;#x20;say&amp;#x20;box,&amp;#x20;I&amp;#x2019;m&amp;#x20;talking&amp;#x20;about&amp;#x20;the&amp;#x20;box&amp;#x20;model,&amp;#x20;not&amp;#x20;a&amp;#x20;physical&amp;#x20;bordered&amp;#x20;box.&lt;br&gt;&lt;br&gt;What&amp;#x20;painting&amp;#x20;area&amp;#x20;means&amp;#x20;is&amp;#x20;where&amp;#x20;the&amp;#x20;background&amp;#x20;stops.&amp;#x20;It&amp;#x20;can&amp;#x20;stop&amp;#x20;at&amp;#x20;the&amp;#x20;border&amp;#x20;box,&amp;#x20;the&amp;#x20;padding&amp;#x20;box&amp;#x20;or&amp;#x20;at&amp;#x20;the&amp;#x20;content&amp;#x20;box.&amp;#x20;Note&amp;#x20;that&amp;#x20;these&amp;#x20;are&amp;#x20;supported&amp;#x20;in&amp;#x20;the&amp;#x20;newest&amp;#x20;stable&amp;#x20;versions&amp;#x20;of&amp;#x20;browsers&amp;#x20;but&amp;#x20;older&amp;#x20;versions&amp;#x20;may&amp;#x20;require&amp;#x20;a&amp;#x20;vendor&amp;#x20;prefix.&lt;br&gt;</related-content>
		<thumbnail href="data/thumb/thumb_slide_000014.jpg"/></section>
	<section type="slide" position="15" xmlns="">
		<title>CSS3 – borders </title>
		<content>CSS3 – borders box-shadow = adds a shadow to box border-radius = adds rounded borders to div border-image = adds an image as a border around div GIT418/598: Multimedia Authoring, Scripting &amp; Production                                                         15 </content>
		<related-content>Border-radius&amp;#x20;can&amp;#x20;be&amp;#x20;broken&amp;#x20;down&amp;#x20;into&amp;#x20;border-radius-top-left,&amp;#x20;top-right,&amp;#x20;bottom-right,&amp;#x20;bottom-left.&amp;#x20;This&amp;#x20;is&amp;#x20;the&amp;#x20;order&amp;#x20;that&amp;#x20;the&amp;#x20;numbers&amp;#x20;should&amp;#x20;go&amp;#x20;in.&amp;#x20;Think&amp;#x20;of&amp;#x20;it&amp;#x20;being&amp;#x20;clockwise&amp;#x20;starting&amp;#x20;in&amp;#x20;the&amp;#x20;top&amp;#x20;left&amp;#x20;corner.&lt;br&gt;&lt;br&gt;With&amp;#x20;border-image,&amp;#x20;it&amp;#x2019;s&amp;#x20;supported&amp;#x20;by&amp;#x20;all&amp;#x20;browsers.&amp;#x20;However&amp;#x20;I&amp;#x20;have&amp;#x20;left&amp;#x20;the&amp;#x20;IE&amp;#x20;symbol&amp;#x20;off&amp;#x20;because&amp;#x20;only&amp;#x20;the&amp;#x20;absolute&amp;#x20;newest,&amp;#x20;version&amp;#x20;11,&amp;#x20;supports&amp;#x20;it.&amp;#x20;Version&amp;#x20;10&amp;#x20;and&amp;#x20;lower&amp;#x20;do&amp;#x20;not.&lt;br&gt;</related-content>
		<thumbnail href="data/thumb/thumb_slide_000015.jpg"/></section>
	<section type="slide" position="16" xmlns="">
		<title>CSS3 – text effects </title>
		<content>CSS3 – text effects text-justify = justifies text word-wrap = allows for breaking long words up and wrapping to next line text-shadow = adds shadow to text GIT418/598: Multimedia Authoring, Scripting &amp; Production                                                         16 </content>
		<related-content>With&amp;#x20;the&amp;#x20;shadow,&amp;#x20;you&amp;#x20;can&amp;#x20;specify&amp;#x20;the&amp;#x20;horizontal&amp;#x20;and&amp;#x20;vertical&amp;#x20;offset&amp;#x20;of&amp;#x20;the&amp;#x20;shadow,&amp;#x20;as&amp;#x20;well&amp;#x20;as&amp;#x20;the&amp;#x20;color.&amp;#x20;Unfortunately&amp;#x20;IE&amp;#x20;9&amp;#x20;and&amp;#x20;lower&amp;#x20;do&amp;#x20;not&amp;#x20;support&amp;#x20;text-shadow.&amp;#x20;But&amp;#x20;the&amp;#x20;nice&amp;#x20;thing&amp;#x20;about&amp;#x20;it&amp;#x20;is&amp;#x20;that&amp;#x20;you&amp;#x20;can&amp;#x20;specify&amp;#x20;it&amp;#x20;in&amp;#x20;the&amp;#x20;CSS&amp;#x20;and&amp;#x20;older&amp;#x20;IE&amp;#x20;versions&amp;#x20;will&amp;#x20;just&amp;#x20;ignore&amp;#x20;it,&amp;#x20;so&amp;#x20;everyone&amp;#x20;else&amp;#x20;in&amp;#x20;Firefox,&amp;#x20;Safari,&amp;#x20;Chrome&amp;#x20;or&amp;#x20;Opera&amp;#x20;can&amp;#x20;see&amp;#x20;the&amp;#x20;effect.&lt;br&gt;</related-content>
		<thumbnail href="data/thumb/thumb_slide_000016.jpg"/></section>
	<section type="slide" position="17" xmlns="">
		<title>CSS3 – box </title>
		<content>CSS3 – box overflow-x and overflow-y = clips the right/left edges and top/bottom edges (respectively) of content inside a div transform = rotates a div element GIT418/598: Multimedia Authoring, Scripting &amp; Production                                                         17 </content>
		<related-content>Overflow&amp;#x20;is&amp;#x20;supported&amp;#x20;in&amp;#x20;all&amp;#x20;browsers&amp;#x20;but&amp;#x20;be&amp;#x20;careful&amp;#x20;in&amp;#x20;IE8&amp;#x20;and&amp;#x20;earlier.&amp;#x20;It&amp;#x20;can&amp;#x20;do&amp;#x20;weird&amp;#x20;things.&amp;#x20;&lt;br&gt;&lt;br&gt;Transform&amp;#x20;works&amp;#x20;in&amp;#x20;all&amp;#x20;browsers&amp;#x20;but&amp;#x20;Opera,&amp;#x20;Chrome&amp;#x20;and&amp;#x20;Safari&amp;#x20;support&amp;#x20;it&amp;#x20;with&amp;#x20;the&amp;#x20;webkit&amp;#x20;prefix.&amp;#x20;IE9&amp;#x20;supports&amp;#x20;ms-transform.&amp;#x20;So&amp;#x20;natively,&amp;#x20;only&amp;#x20;IE&amp;#x20;10&amp;#x20;and&amp;#x20;Firefox&amp;#x20;support&amp;#x20;transform.&lt;br&gt;</related-content>
		<thumbnail href="data/thumb/thumb_slide_000017.jpg"/></section>
	<section type="slide" position="18" xmlns="">
		<title>CSS3 – color </title>
		<content>CSS3 – color opacity = specifies opacity for div rgba = red, green, blue, alpha rgba(256,0,0,.5); gradient = transitions between two or more colors (linear and radial) background: linear-gradient(purple,orange);   GIT418/598: Multimedia Authoring, Scripting &amp; Production                                                         18 </content>
		<related-content>You&amp;#x20;can&amp;#x20;give&amp;#x20;it&amp;#x20;anywhere&amp;#x20;from&amp;#x20;0.0&amp;#x20;(fully&amp;#x20;transparent)&amp;#x20;to&amp;#x20;1.0&amp;#x20;(fully&amp;#x20;opaque).&lt;br&gt;&lt;br&gt;Alpha&amp;#x20;is&amp;#x20;the&amp;#x20;opacity&amp;#x20;level.&amp;#x20;The&amp;#x20;levels&amp;#x20;are&amp;#x20;the&amp;#x20;same&amp;#x20;as&amp;#x20;opacity&amp;#x20;above,&amp;#x20;0.0&amp;#x20;to&amp;#x20;1.0.&lt;br&gt;&lt;br&gt;Gradient&amp;#x20;is&amp;#x20;only&amp;#x20;supported&amp;#x20;natively&amp;#x20;by&amp;#x20;the&amp;#x20;most&amp;#x20;recent&amp;#x20;stable&amp;#x20;versions&amp;#x20;of&amp;#x20;browsers.&amp;#x20;Earlier&amp;#x20;versions&amp;#x20;need&amp;#x20;vendor&amp;#x20;prefixes,&amp;#x20;and&amp;#x20;IE9&amp;#x20;and&amp;#x20;lower&amp;#x20;do&amp;#x20;not&amp;#x20;support.&lt;br&gt;</related-content>
		<thumbnail href="data/thumb/thumb_slide_000018.jpg"/></section>
	<section type="slide" position="19" xmlns="">
		<title>Resources </title>
		<content>Resources html5please.com caniuse.com www.w3schools.com/browsers/browsers_stats.asp GIT418/598: Multimedia Authoring, Scripting &amp; Production                                                         19 </content>
		<related-content></related-content>
		<thumbnail href="data/thumb/thumb_slide_000019.jpg"/></section>
	<section type="slide" position="20" xmlns="">
		<title>Assignments for Module 1 </title>
		<content>Assignments for Module 1 Reading/Viewing:  HTML5 Multimedia Development Cookbook Book of CSS3 Additional material  Discussion Board Introduction Assignment #1: Microsite comps GIT418/598: Multimedia Authoring, Scripting &amp; Production                                                         20 </content>
		<related-content></related-content>
		<thumbnail href="data/thumb/thumb_slide_000020.jpg"/></section>
</document-metadata>
