<?xml version="1.0" encoding="utf-8"?>
<presentation width="720" height="540" start="play" buildNum="7.0.7.7746">
	<presentationTitle>GIT418_Lecture1b</presentationTitle>
	<speakers>
		<speaker>
			<name>Deborah Prewitt</name>
		</speaker>
	</speakers>
	<backgrounds>
		<background url="Master800001ae.swf"/>
		<background url="Master800001b4.swf"/>
	</backgrounds>
	<search url="srchdata.xml"/>
	<slides>
		<slide id="256" frameRate="30" totalFrames="126" advance="auto" blockMovement="false" type="normal">
			<content url="Slide1.swf"/>
			<slideBackground index="0" frameToPlay="1" duration="2" showAfterFrame="0"/>
			<flvContents></flvContents>
			<clickAnimations>
				<clickAnimation start="127" end="142"/>
			</clickAnimations>
			<slideTitle>Lecture 1b</slideTitle>
			<notes isHTML="true"></notes>
			<slideThumbnail url="thumb.swf" frame="1"/>
			<slideSpeaker index="0"/>
			<audios id="1" duration=" 4200">
				<media url="a24x1x1.mp3" startMsecs="0" duration="4200" startAtMSecs="0"/>
			</audios>
			<playbackActions></playbackActions>
		</slide>
		<slide id="272" frameRate="30" totalFrames="5837.099999999999" advance="auto" blockMovement="false" type="normal">
			<content url="Slide2.swf"/>
			<slideBackground index="1" frameToPlay="1" duration="2" showAfterFrame="0"/>
			<flvContents></flvContents>
			<clickAnimations>
				<clickAnimation start="685" end="700"/>
				<clickAnimation start="5837" end="5837"/>
			</clickAnimations>
			<slideTitle>HTML5 – the basics</slideTitle>
			<notes isHTML="true">The&amp;#x20;thing&amp;#x20;with&amp;#x20;HTML5&amp;#x20;is&amp;#x20;that&amp;#x20;it&amp;#x2019;s&amp;#x20;not&amp;#x20;overtaking&amp;#x20;HTML4&amp;#x20;or&amp;#x20;XHTML1.&amp;#x20;It&amp;#x2019;s&amp;#x20;basically&amp;#x20;built&amp;#x20;on&amp;#x20;top&amp;#x20;of&amp;#x20;the&amp;#x20;HTML4&amp;#x20;platform,&amp;#x20;but&amp;#x20;it&amp;#x20;does&amp;#x20;make&amp;#x20;some&amp;#x20;changes&amp;#x20;and&amp;#x20;in&amp;#x20;my&amp;#x20;opinion,&amp;#x20;some&amp;#x20;great&amp;#x20;improvements.&amp;#x20;For&amp;#x20;the&amp;#x20;most&amp;#x20;part,&amp;#x20;the&amp;#x20;syntax&amp;#x20;is&amp;#x20;looser&amp;#x20;than&amp;#x20;XHTML.&lt;br&gt;&lt;br&gt;Block&amp;#x20;means&amp;#x20;it&amp;#x20;creates&amp;#x20;a&amp;#x20;separate&amp;#x20;block&amp;#x20;for&amp;#x20;the&amp;#x20;content,&amp;#x20;such&amp;#x20;as&amp;#x20;a&amp;#x20;div&amp;#x20;or&amp;#x20;a&amp;#x20;heading&amp;#x20;tag.&amp;#x20;Inline&amp;#x20;means&amp;#x20;it&amp;#x20;stays&amp;#x20;inline&amp;#x20;with&amp;#x20;the&amp;#x20;content,&amp;#x20;such&amp;#x20;as&amp;#x20;a&amp;#x20;span&amp;#x20;or&amp;#x20;em&amp;#x20;tag.&amp;#x20;The&amp;#x20;block-level&amp;#x20;and&amp;#x20;inline&amp;#x20;are&amp;#x20;considered&amp;#x20;semantic&amp;#x20;elements.&amp;#x20;What&amp;#x20;I&amp;#x20;mean&amp;#x20;by&amp;#x20;semantic&amp;#x20;is&amp;#x20;the&amp;#x20;elements&amp;#x20;that&amp;#x20;reinforce&amp;#x20;the&amp;#x20;meaning,&amp;#x20;or&amp;#x20;sometimes&amp;#x20;the&amp;#x20;importance,&amp;#x20;of&amp;#x20;the&amp;#x20;data.&amp;#x20;Typical&amp;#x20;semantic&amp;#x20;elements&amp;#x20;from&amp;#x20;HTML&amp;#x20;include&amp;#x20;the&amp;#x20;em&amp;#x20;tag,&amp;#x20;the&amp;#x20;cite&amp;#x20;tag,&amp;#x20;even&amp;#x20;the&amp;#x20;heading&amp;#x20;tags.&amp;#x20;Heading&amp;#x20;tags&amp;#x20;not&amp;#x20;only&amp;#x20;change&amp;#x20;the&amp;#x20;look&amp;#x20;but&amp;#x20;they&amp;#x20;also&amp;#x20;add&amp;#x20;emphasis&amp;#x20;for&amp;#x20;browsers&amp;#x20;and&amp;#x20;other&amp;#x20;user&amp;#x20;agents&amp;#x20;like&amp;#x20;screen&amp;#x20;readers.&lt;br&gt;&lt;br&gt;We&amp;#x2019;ll&amp;#x20;be&amp;#x20;looking&amp;#x20;at&amp;#x20;embedded&amp;#x20;media&amp;#x20;and&amp;#x20;animation&amp;#x20;in&amp;#x20;future&amp;#x20;modules.&lt;br&gt;&lt;br&gt;Technically&amp;#x20;there&amp;#x20;are&amp;#x20;additional&amp;#x20;new&amp;#x20;features&amp;#x20;including&amp;#x20;geolocation&amp;#x20;and&amp;#x20;web&amp;#x20;storage.&amp;#x20;Unfortunately&amp;#x20;we&amp;#x20;don&amp;#x2019;t&amp;#x20;have&amp;#x20;enough&amp;#x20;time&amp;#x20;to&amp;#x20;cover&amp;#x20;these&amp;#x20;topics&amp;#x20;in&amp;#x20;this&amp;#x20;class,&amp;#x20;but&amp;#x20;the&amp;#x20;book&amp;#x20;does&amp;#x20;go&amp;#x20;over&amp;#x20;them&amp;#x20;so&amp;#x20;feel&amp;#x20;free&amp;#x20;to&amp;#x20;take&amp;#x20;a&amp;#x20;look&amp;#x20;and&amp;#x20;play.&lt;br&gt;&lt;br&gt;Note&amp;#x20;that&amp;#x20;there&amp;#x20;are&amp;#x20;so&amp;#x20;many&amp;#x20;other&amp;#x20;tags&amp;#x20;for&amp;#x20;HTML5&amp;#x20;that&amp;#x20;I&amp;#x2019;m&amp;#x20;not&amp;#x20;mentioning.&amp;#x20;I&amp;#x2019;m&amp;#x20;concentrating&amp;#x20;on&amp;#x20;those&amp;#x20;that&amp;#x20;will&amp;#x20;be&amp;#x20;used&amp;#x20;more&amp;#x20;often,&amp;#x20;as&amp;#x20;well&amp;#x20;as&amp;#x20;those&amp;#x20;that&amp;#x20;are&amp;#x20;supported&amp;#x20;by&amp;#x20;all,&amp;#x20;or&amp;#x20;almost&amp;#x20;all,&amp;#x20;of&amp;#x20;the&amp;#x20;major&amp;#x20;browsers&amp;#x20;today.&amp;#x20;And&amp;#x20;I&amp;#x2019;m&amp;#x20;talking&amp;#x20;about&amp;#x20;the&amp;#x20;most&amp;#x20;recent&amp;#x20;versions&amp;#x20;of&amp;#x20;these&amp;#x20;browsers.&amp;#x20;Many&amp;#x20;older&amp;#x20;versions&amp;#x20;do&amp;#x20;not&amp;#x20;support&amp;#x20;these&amp;#x20;new&amp;#x20;features.&lt;br&gt;&lt;br&gt;You&amp;#x20;will&amp;#x20;see&amp;#x20;the&amp;#x20;symbols&amp;#x20;on&amp;#x20;the&amp;#x20;screen,&amp;#x20;and&amp;#x20;each&amp;#x20;of&amp;#x20;those&amp;#x20;stands&amp;#x20;for&amp;#x20;the&amp;#x20;most&amp;#x20;recent&amp;#x20;version&amp;#x20;of&amp;#x20;the&amp;#x20;browser.&amp;#x20;And&amp;#x20;when&amp;#x20;I&amp;#x20;say&amp;#x20;most&amp;#x20;recent,&amp;#x20;I&amp;#x20;mean&amp;#x20;the&amp;#x20;most&amp;#x20;recent&amp;#x20;stable&amp;#x20;version.&amp;#x20;There&amp;#x20;are&amp;#x20;some&amp;#x20;beta&amp;#x20;versions&amp;#x20;out&amp;#x20;there&amp;#x20;or&amp;#x20;versions&amp;#x20;that&amp;#x20;are&amp;#x20;too&amp;#x20;new&amp;#x20;to&amp;#x20;be&amp;#x20;considered&amp;#x20;stable,&amp;#x20;so&amp;#x20;these&amp;#x20;are&amp;#x20;the&amp;#x20;most&amp;#x20;recent&amp;#x20;stable&amp;#x20;versions.&amp;#x20;Many&amp;#x20;of&amp;#x20;the&amp;#x20;features&amp;#x20;from&amp;#x20;HTML5&amp;#x20;are&amp;#x20;not&amp;#x20;supported&amp;#x20;by&amp;#x20;IE8&amp;#x20;or&amp;#x20;earlier,&amp;#x20;though&amp;#x20;you&amp;#x20;can&amp;#x20;get&amp;#x20;around&amp;#x20;that&amp;#x20;by&amp;#x20;adding&amp;#x20;a&amp;#x20;JavaScript&amp;#x20;statement&amp;#x20;called&amp;#x20;HTML5&amp;#x20;shiv.&amp;#x20;The&amp;#x20;rest&amp;#x20;of&amp;#x20;the&amp;#x20;symbols&amp;#x20;are&amp;#x20;for&amp;#x20;the&amp;#x20;newest&amp;#x20;stable&amp;#x20;releases&amp;#x20;of&amp;#x20;browsers.&lt;br&gt;</notes>
			<slideThumbnail url="thumb.swf" frame="2"/>
			<audios id="39" duration=" 194570">
				<media url="a24x39x1.mp3" startMsecs="0" duration="194570" startAtMSecs="0"/>
			</audios>
			<playbackActions></playbackActions>
		</slide>
		<slide id="273" frameRate="30" totalFrames="2524.2" advance="auto" blockMovement="false" type="normal">
			<content url="Slide3.swf"/>
			<slideBackground index="1" frameToPlay="3" duration="2" showAfterFrame="0"/>
			<flvContents></flvContents>
			<clickAnimations>
				<clickAnimation start="91" end="106"/>
				<clickAnimation start="483" end="498"/>
				<clickAnimation start="984" end="999"/>
				<clickAnimation start="1113" end="1128"/>
				<clickAnimation start="1377" end="1392"/>
				<clickAnimation start="1725" end="1728"/>
				<clickAnimation start="1737" end="1740"/>
				<clickAnimation start="1749" end="1752"/>
				<clickAnimation start="1764" end="1767"/>
				<clickAnimation start="1779" end="1782"/>
			</clickAnimations>
			<slideTitle>HTML5 - structural elements</slideTitle>
			<notes isHTML="true">You&amp;#x20;also&amp;#x20;can&amp;#x20;think&amp;#x20;of&amp;#x20;section&amp;#x20;as&amp;#x20;part&amp;#x20;or&amp;#x20;chapter&amp;#x20;in&amp;#x20;a&amp;#x20;book,&amp;#x20;a&amp;#x20;section&amp;#x20;in&amp;#x20;a&amp;#x20;chapter.&lt;br&gt;&lt;br&gt;The&amp;#x20;header&amp;#x20;is&amp;#x20;not&amp;#x20;the&amp;#x20;same&amp;#x20;as&amp;#x20;the&amp;#x20;&amp;lt;head&amp;gt;&amp;#x20;tag.&amp;#x20;This&amp;#x20;is&amp;#x20;normally&amp;#x20;where&amp;#x20;the&amp;#x20;logo&amp;#x20;and&amp;#x20;main&amp;#x20;branding&amp;#x20;happen.&lt;br&gt;&lt;br&gt;Think&amp;#x20;of&amp;#x20;article&amp;#x20;in&amp;#x20;the&amp;#x20;context&amp;#x20;of&amp;#x20;a&amp;#x20;newspaper.&amp;#x20;It&amp;#x2019;s&amp;#x20;an&amp;#x20;individual&amp;#x20;group&amp;#x20;of&amp;#x20;text.&lt;br&gt;&lt;br&gt;These&amp;#x20;can&amp;#x20;do&amp;#x20;wonders&amp;#x20;if&amp;#x20;you&amp;#x20;have&amp;#x20;a&amp;#x20;bunch&amp;#x20;of&amp;#x20;divs&amp;#x20;to,&amp;#x20;for&amp;#x20;example,&amp;#x20;create&amp;#x20;a&amp;#x20;layout&amp;#x20;where&amp;#x20;you&amp;#x20;have&amp;#x20;a&amp;#x20;main&amp;#x20;navigation,&amp;#x20;a&amp;#x20;main&amp;#x20;body,&amp;#x20;a&amp;#x20;sidebar,&amp;#x20;a&amp;#x20;header&amp;#x20;and&amp;#x20;a&amp;#x20;footer.&amp;#x20;You&amp;#x2019;d&amp;#x20;have&amp;#x20;to&amp;#x20;have&amp;#x20;separate&amp;#x20;divs&amp;#x20;for&amp;#x20;all.&amp;#x20;Now&amp;#x20;you&amp;#x20;can&amp;#x20;have&amp;#x20;specific&amp;#x20;elements&amp;#x20;for&amp;#x20;each.&lt;br&gt;</notes>
			<slideThumbnail url="thumb.swf" frame="3"/>
			<audios id="40" duration=" 84140">
				<media url="a24x40x1.mp3" startMsecs="0" duration="84140" startAtMSecs="0"/>
			</audios>
			<playbackActions></playbackActions>
		</slide>
		<slide id="274" frameRate="30" totalFrames="790.5" advance="auto" blockMovement="false" type="normal">
			<content url="Slide4.swf"/>
			<slideBackground index="1" frameToPlay="5" duration="2" showAfterFrame="0"/>
			<flvContents></flvContents>
			<slideTitle>HTML5 - structural elements</slideTitle>
			<notes isHTML="true">This&amp;#x20;is&amp;#x20;an&amp;#x20;example&amp;#x20;of&amp;#x20;a&amp;#x20;layout&amp;#x20;using&amp;#x20;the&amp;#x20;standard&amp;#x20;IDs&amp;#x20;with&amp;#x20;the&amp;#x20;divs.&amp;#x20;You&amp;apos;d&amp;#x20;have&amp;#x20;one&amp;#x20;ID&amp;#x20;for&amp;#x20;the&amp;#x20;header,&amp;#x20;one&amp;#x20;for&amp;#x20;the&amp;#x20;navigation,&amp;#x20;etc.&amp;#x20;All&amp;#x20;would&amp;#x20;need&amp;#x20;that&amp;#x20;div&amp;#x20;id&amp;#x20;equals&amp;#x20;and&amp;#x20;the&amp;#x20;ID&amp;#x20;in&amp;#x20;quotes.&lt;br&gt;&lt;br&gt;</notes>
			<slideThumbnail url="thumb.swf" frame="4"/>
			<audios id="41" duration=" 26350">
				<media url="a24x41x1.mp3" startMsecs="0" duration="26350" startAtMSecs="0"/>
			</audios>
			<playbackActions></playbackActions>
		</slide>
		<slide id="275" frameRate="30" totalFrames="668.6999999999999" advance="auto" blockMovement="false" type="normal">
			<content url="Slide5.swf"/>
			<slideBackground index="1" frameToPlay="7" duration="2" showAfterFrame="0"/>
			<flvContents></flvContents>
			<slideTitle>HTML5 - structural elements</slideTitle>
			<notes isHTML="true">In&amp;#x20;HTML5,&amp;#x20;you&amp;#x20;can&amp;#x20;do&amp;#x20;away&amp;#x20;with&amp;#x20;the&amp;#x20;div&amp;#x20;id&amp;#x20;equals&amp;#x20;for&amp;#x20;these&amp;#x20;specific&amp;#x20;elements.&amp;#x20;It&amp;#x20;saves&amp;#x20;time&amp;#x20;for&amp;#x20;not&amp;#x20;having&amp;#x20;to&amp;#x20;write&amp;#x20;as&amp;#x20;much&amp;#x20;code,&amp;#x20;but&amp;#x20;more&amp;#x20;importantly,&amp;#x20;these&amp;#x20;are&amp;#x20;semantic&amp;#x20;tags.&amp;#x20;Browsers,&amp;#x20;including&amp;#x20;some&amp;#x20;screenreaders,&amp;#x20;will&amp;#x20;read&amp;#x20;these&amp;#x20;and&amp;#x20;put&amp;#x20;the&amp;#x20;proper&amp;#x20;emphasis&amp;#x20;on&amp;#x20;whatever&amp;#x20;is&amp;#x20;between&amp;#x20;the&amp;#x20;open&amp;#x20;and&amp;#x20;close&amp;#x20;tags.&amp;#x20;This&amp;#x20;is&amp;#x20;very&amp;#x20;important&amp;#x20;for&amp;#x20;accessibility.&lt;br&gt;</notes>
			<slideThumbnail url="thumb.swf" frame="5"/>
			<audios id="42" duration=" 22290">
				<media url="a24x42x1.mp3" startMsecs="0" duration="22290" startAtMSecs="0"/>
			</audios>
			<playbackActions></playbackActions>
		</slide>
		<slide id="276" frameRate="30" totalFrames="1275.9" advance="auto" blockMovement="false" type="normal">
			<content url="Slide6.swf"/>
			<slideBackground index="1" frameToPlay="9" duration="2" showAfterFrame="0"/>
			<flvContents></flvContents>
			<clickAnimations>
				<clickAnimation start="61" end="76"/>
				<clickAnimation start="102" end="117"/>
				<clickAnimation start="129" end="144"/>
				<clickAnimation start="162" end="165"/>
				<clickAnimation start="177" end="180"/>
				<clickAnimation start="195" end="198"/>
			</clickAnimations>
			<slideTitle>HTML5 – block-level elements</slideTitle>
			<notes isHTML="true">Remember,&amp;#x20;these&amp;#x20;elements&amp;#x20;are&amp;#x20;semantic,&amp;#x20;meaning&amp;#x20;they&amp;#x20;are&amp;#x20;giving&amp;#x20;special&amp;#x20;emphasis&amp;#x20;to&amp;#x20;whatever&amp;#x20;is&amp;#x20;between&amp;#x20;the&amp;#x20;open&amp;#x20;and&amp;#x20;close&amp;#x20;tags.&lt;br&gt;</notes>
			<slideThumbnail url="thumb.swf" frame="6"/>
			<audios id="43" duration=" 42530">
				<media url="a24x43x1.mp3" startMsecs="0" duration="42530" startAtMSecs="0"/>
			</audios>
			<playbackActions></playbackActions>
		</slide>
		<slide id="277" frameRate="30" totalFrames="2493" advance="auto" blockMovement="false" type="normal">
			<content url="Slide7.swf"/>
			<slideBackground index="1" frameToPlay="11" duration="2" showAfterFrame="0"/>
			<flvContents></flvContents>
			<clickAnimations>
				<clickAnimation start="166" end="181"/>
				<clickAnimation start="465" end="480"/>
				<clickAnimation start="561" end="564"/>
			</clickAnimations>
			<slideTitle>HTML5 – inline elements</slideTitle>
			<notes isHTML="true">With&amp;#x20;mark,&amp;#x20;you&amp;#x20;can&amp;#x20;indicate&amp;#x20;what&amp;#x20;highlight&amp;#x20;color&amp;#x20;you&amp;#x20;want&amp;#x20;using&amp;#x20;CSS&amp;#x20;style&amp;#x20;with&amp;#x20;the&amp;#x20;background-color&amp;#x20;attribute.&lt;br&gt;&lt;br&gt;These&amp;#x20;next&amp;#x20;elements&amp;#x20;have&amp;#x20;to&amp;#x20;do&amp;#x20;with&amp;#x20;forms,&amp;#x20;and&amp;#x20;they&amp;#x20;are&amp;#x20;new&amp;#x20;input&amp;#x20;types.&amp;#x20;They&amp;#x20;are&amp;#x20;inline,&amp;#x20;since&amp;#x20;they&amp;#x20;stay&amp;#x20;with&amp;#x20;their&amp;#x20;respective&amp;#x20;content.&amp;#x20;The&amp;#x20;cool&amp;#x20;thing&amp;#x20;with&amp;#x20;these&amp;#x20;is&amp;#x20;that&amp;#x20;they&amp;#x20;automatically&amp;#x20;validate.&amp;#x20;Support&amp;#x20;for&amp;#x20;these&amp;#x20;elements&amp;#x20;varies.&amp;#x20;However,&amp;#x20;you&amp;#x20;can&amp;#x20;use&amp;#x20;these&amp;#x20;with&amp;#x20;something&amp;#x20;called&amp;#x20;polyfills,&amp;#x20;which&amp;#x20;you&amp;#x2019;ll&amp;#x20;learn&amp;#x20;about&amp;#x20;in&amp;#x20;a&amp;#x20;future&amp;#x20;module.&lt;br&gt;</notes>
			<slideThumbnail url="thumb.swf" frame="7"/>
			<audios id="44" duration=" 83100">
				<media url="a24x44x1.mp3" startMsecs="0" duration="83100" startAtMSecs="0"/>
			</audios>
			<playbackActions></playbackActions>
		</slide>
		<slide id="278" frameRate="30" totalFrames="1722.6000000000001" advance="auto" blockMovement="false" type="normal">
			<content url="Slide8.swf"/>
			<slideBackground index="1" frameToPlay="13" duration="2" showAfterFrame="0"/>
			<flvContents></flvContents>
			<clickAnimations>
				<clickAnimation start="193" end="208"/>
				<clickAnimation start="243" end="258"/>
				<clickAnimation start="279" end="282"/>
				<clickAnimation start="312" end="315"/>
			</clickAnimations>
			<slideTitle>HTML5 – embedded media elements</slideTitle>
			<notes isHTML="true">We&amp;#x2019;re&amp;#x20;going&amp;#x20;to&amp;#x20;be&amp;#x20;devoting&amp;#x20;an&amp;#x20;entire&amp;#x20;module&amp;#x20;to&amp;#x20;these&amp;#x20;elements&amp;#x20;so&amp;#x20;here&amp;#x2019;s&amp;#x20;a&amp;#x20;quick&amp;#x20;rundown.&lt;br&gt;&lt;br&gt;Both&amp;#x20;elements&amp;#x20;also&amp;#x20;allows&amp;#x20;for&amp;#x20;some&amp;#x20;controls&amp;#x20;such&amp;#x20;as&amp;#x20;play&amp;#x20;and&amp;#x20;pause,&amp;#x20;and&amp;#x20;also&amp;#x20;a&amp;#x20;volume&amp;#x20;control.&amp;#x20;And&amp;#x20;those&amp;#x20;controls&amp;#x20;can&amp;#x20;be&amp;#x20;customized.&lt;br&gt;&lt;br&gt;With&amp;#x20;both&amp;#x20;the&amp;#x20;video&amp;#x20;and&amp;#x20;audio&amp;#x20;elements,&amp;#x20;not&amp;#x20;all&amp;#x20;formats&amp;#x20;will&amp;#x20;work&amp;#x20;with&amp;#x20;all&amp;#x20;browsers.&amp;#x20;For&amp;#x20;example,&amp;#x20;IE9&amp;#x20;only&amp;#x20;supports&amp;#x20;mp4&amp;#x20;for&amp;#x20;video&amp;#x20;and&amp;#x20;mp3&amp;#x20;for&amp;#x20;audio,&amp;#x20;but&amp;#x20;Firefox&amp;#x20;doesn&amp;#x2019;t&amp;#x20;support&amp;#x20;either&amp;#x20;of&amp;#x20;those&amp;#x20;formats.&amp;#x20;However,&amp;#x20;because&amp;#x20;you&amp;#x20;can&amp;#x20;declare&amp;#x20;each&amp;#x20;of&amp;#x20;the&amp;#x20;formats&amp;#x20;within&amp;#x20;one&amp;#x20;video&amp;#x20;or&amp;#x20;audio&amp;#x20;tag&amp;#x20;using&amp;#x20;the&amp;#x20;source&amp;#x20;attribute,&amp;#x20;you&amp;#x20;have&amp;#x20;your&amp;#x20;bases&amp;#x20;covered.&lt;br&gt;</notes>
			<slideThumbnail url="thumb.swf" frame="8"/>
			<audios id="45" duration=" 57420">
				<media url="a24x45x1.mp3" startMsecs="0" duration="57420" startAtMSecs="0"/>
			</audios>
			<playbackActions></playbackActions>
		</slide>
		<slide id="279" frameRate="30" totalFrames="1455.9" advance="auto" blockMovement="false" type="normal">
			<content url="Slide9.swf"/>
			<slideBackground index="1" frameToPlay="15" duration="2" showAfterFrame="0"/>
			<flvContents></flvContents>
			<clickAnimations>
				<clickAnimation start="154" end="169"/>
			</clickAnimations>
			<slideTitle>HTML5 – interactivity/animation</slideTitle>
			<notes isHTML="true">Menu&amp;#x20;has&amp;#x20;been&amp;#x20;around&amp;#x20;for&amp;#x20;a&amp;#x20;while&amp;#x20;but&amp;#x20;it&amp;#x20;was&amp;#x20;deprecated&amp;#x20;in&amp;#x20;HTML4.&amp;#x20;But&amp;#x20;it&amp;#x20;was&amp;#x20;redefined&amp;#x20;and&amp;#x20;it&amp;#x2019;s&amp;#x20;back&amp;#x20;now,&amp;#x20;and&amp;#x20;is&amp;#x20;very&amp;#x20;useful&amp;#x20;for&amp;#x20;contextual&amp;#x20;menus&amp;#x20;in&amp;#x20;web&amp;#x20;applications.&amp;#x20;The&amp;#x20;bummer&amp;#x20;about&amp;#x20;the&amp;#x20;menu&amp;#x20;tag&amp;#x20;is&amp;#x20;that&amp;#x20;it&amp;#x20;isn&amp;#x2019;t&amp;#x20;supported&amp;#x20;in&amp;#x20;any&amp;#x20;current&amp;#x20;browsers&amp;#x20;except&amp;#x20;Firefox.&amp;#x20;Look&amp;#x20;for&amp;#x20;that&amp;#x20;to&amp;#x20;change.&lt;br&gt;</notes>
			<slideThumbnail url="thumb.swf" frame="9"/>
			<audios id="46" duration=" 48530">
				<media url="a24x46x1.mp3" startMsecs="0" duration="48530" startAtMSecs="0"/>
			</audios>
			<playbackActions></playbackActions>
		</slide>
		<slide id="280" frameRate="30" totalFrames="1682.1" advance="auto" blockMovement="false" type="normal">
			<content url="Slide10.swf"/>
			<slideBackground index="1" frameToPlay="17" duration="2" showAfterFrame="0"/>
			<flvContents></flvContents>
			<clickAnimations>
				<clickAnimation start="406" end="421"/>
				<clickAnimation start="966" end="981"/>
				<clickAnimation start="1248" end="1263"/>
				<clickAnimation start="1533" end="1536"/>
				<clickAnimation start="1569" end="1572"/>
			</clickAnimations>
			<slideTitle>HTML5 – interactivity/animation</slideTitle>
			<notes isHTML="true">So&amp;#x20;what&amp;#x20;else&amp;#x20;is&amp;#x20;new?&amp;#x20;One&amp;#x20;of&amp;#x20;the&amp;#x20;coolest&amp;#x20;new&amp;#x20;features,&amp;#x20;in&amp;#x20;my&amp;#x20;opinion,&amp;#x20;is&amp;#x20;the&amp;#x20;ability&amp;#x20;to&amp;#x20;draw&amp;#x20;and&amp;#x20;manipulate&amp;#x20;graphics&amp;#x20;in&amp;#x20;new&amp;#x20;ways.&amp;#x20;And&amp;#x20;we&amp;#x2019;ll&amp;#x20;be&amp;#x20;devoting&amp;#x20;the&amp;#x20;final&amp;#x20;module&amp;#x20;to&amp;#x20;this.&lt;br&gt;&lt;br&gt;You&amp;#x20;can&amp;#x20;use&amp;#x20;any&amp;#x20;scripting&amp;#x20;but&amp;#x20;JavaScript&amp;#x20;and&amp;#x20;jQuery&amp;#x20;is&amp;#x20;what&amp;#x20;we&amp;#x2019;ll&amp;#x20;be&amp;#x20;using.&lt;br&gt;&lt;br&gt;With&amp;#x20;CSS3,&amp;#x20;you&amp;#x20;also&amp;#x20;can&amp;#x20;do&amp;#x20;some&amp;#x20;very&amp;#x20;cool&amp;#x20;2D&amp;#x20;and&amp;#x20;3D&amp;#x20;transformations,&amp;#x20;different&amp;#x20;types&amp;#x20;of&amp;#x20;transitions&amp;#x20;and&amp;#x20;even&amp;#x20;animation.&lt;br&gt;</notes>
			<slideThumbnail url="thumb.swf" frame="10"/>
			<audios id="47" duration=" 56070">
				<media url="a24x47x1.mp3" startMsecs="0" duration="56070" startAtMSecs="0"/>
			</audios>
			<playbackActions></playbackActions>
		</slide>
		<slide id="281" frameRate="30" totalFrames="1233.9" advance="auto" blockMovement="false" type="normal">
			<content url="Slide11.swf"/>
			<slideBackground index="1" frameToPlay="19" duration="2" showAfterFrame="0"/>
			<flvContents></flvContents>
			<clickAnimations>
				<clickAnimation start="73" end="81"/>
				<clickAnimation start="189" end="204"/>
				<clickAnimation start="210" end="225"/>
				<clickAnimation start="237" end="252"/>
				<clickAnimation start="258" end="273"/>
				<clickAnimation start="279" end="294"/>
				<clickAnimation start="303" end="318"/>
				<clickAnimation start="333" end="348"/>
			</clickAnimations>
			<slideTitle>HTML5 – deprecated tags</slideTitle>
			<notes isHTML="true">These&amp;#x20;are&amp;#x20;tags&amp;#x20;that&amp;#x20;have&amp;#x20;been&amp;#x20;deprecated,&amp;#x20;or&amp;#x20;considered&amp;#x20;obsolete,&amp;#x20;in&amp;#x20;HTML5.&lt;br&gt;&lt;br&gt;&amp;lt;dir&amp;gt;&amp;#x20;is&amp;#x20;to&amp;#x20;designate&amp;#x20;a&amp;#x20;directory.&lt;br&gt;&lt;br&gt;&amp;lt;tt&amp;gt;&amp;#x20;is&amp;#x20;to&amp;#x20;designate&amp;#x20;teletype&amp;#x20;text.&lt;br&gt;</notes>
			<slideThumbnail url="thumb.swf" frame="11"/>
			<audios id="48" duration=" 41130">
				<media url="a24x48x1.mp3" startMsecs="0" duration="41130" startAtMSecs="0"/>
			</audios>
			<playbackActions></playbackActions>
		</slide>
		<slide id="282" frameRate="30" totalFrames="2858.1" advance="auto" blockMovement="false" type="normal">
			<content url="Slide12.swf"/>
			<slideBackground index="1" frameToPlay="21" duration="2" showAfterFrame="0"/>
			<flvContents></flvContents>
			<clickAnimations>
				<clickAnimation start="142" end="157"/>
				<clickAnimation start="1074" end="1089"/>
			</clickAnimations>
			<slideTitle>CSS3 – the basics</slideTitle>
			<notes isHTML="true">And&amp;#x20;speaking&amp;#x20;of&amp;#x20;CSS3,&amp;#x20;let&amp;#x2019;s&amp;#x20;go&amp;#x20;over&amp;#x20;the&amp;#x20;basics&amp;#x20;here.&lt;br&gt;&lt;br&gt;The&amp;#x20;thing&amp;#x20;with&amp;#x20;CSS3&amp;#x20;that&amp;#x20;is&amp;#x20;a&amp;#x20;little&amp;#x20;different&amp;#x20;than&amp;#x20;CSS2&amp;#x20;is&amp;#x20;that&amp;#x20;CSS3&amp;#x20;is&amp;#x20;more&amp;#x20;modularly&amp;#x20;based.&amp;#x20;Instead&amp;#x20;of&amp;#x20;just&amp;#x20;hap-hazardly&amp;#x20;putting&amp;#x20;CSS&amp;#x20;in&amp;#x20;with&amp;#x20;different&amp;#x20;IDs&amp;#x20;or&amp;#x20;classes,&amp;#x20;there&amp;#x20;are&amp;#x20;actually&amp;#x20;subsets&amp;#x20;of&amp;#x20;styles&amp;#x20;that&amp;#x20;are&amp;#x20;specific&amp;#x20;to&amp;#x20;functionality&amp;#x20;or&amp;#x20;style.&amp;#x20;There&amp;#x20;is&amp;#x20;a&amp;#x20;module&amp;#x20;for&amp;#x20;backgrounds&amp;#x20;and&amp;#x20;borders,&amp;#x20;one&amp;#x20;for&amp;#x20;text&amp;#x20;effects,&amp;#x20;even&amp;#x20;one&amp;#x20;for&amp;#x20;animations.&amp;#x20;We&amp;#x2019;ll&amp;#x20;talk&amp;#x20;about&amp;#x20;those&amp;#x20;in&amp;#x20;a&amp;#x20;few&amp;#x20;slides.&lt;br&gt;&lt;br&gt;You&amp;#x20;may&amp;#x20;see&amp;#x20;the&amp;#x20;&amp;#x2013;webkit,&amp;#x20;-moz,&amp;#x20;and&amp;#x20;&amp;#x2013;opera&amp;#x20;prefixes&amp;#x20;on&amp;#x20;some&amp;#x20;CSS.&amp;#x20;These&amp;#x20;are&amp;#x20;called&amp;#x20;vendor&amp;#x20;prefixes.&amp;#x20;See,&amp;#x20;much&amp;#x20;of&amp;#x20;the&amp;#x20;CSS3&amp;#x20;effects&amp;#x20;are&amp;#x20;not&amp;#x20;native&amp;#x20;to&amp;#x20;browsers.&amp;#x20;In&amp;#x20;other&amp;#x20;words,&amp;#x20;they&amp;#x20;cannot&amp;#x20;display&amp;#x20;the&amp;#x20;effects&amp;#x20;without&amp;#x20;some&amp;#x20;extra&amp;#x20;help.&amp;#x20;That&amp;#x2019;s&amp;#x20;what&amp;#x20;these&amp;#x20;prefixes&amp;#x20;do;&amp;#x20;they&amp;#x20;add&amp;#x20;in&amp;#x20;the&amp;#x20;functionality&amp;#x20;needed&amp;#x20;to&amp;#x20;display&amp;#x20;the&amp;#x20;effects.&amp;#x20;As&amp;#x20;new&amp;#x20;browser&amp;#x20;versions&amp;#x20;come&amp;#x20;online,&amp;#x20;I&amp;#x2019;m&amp;#x20;willing&amp;#x20;to&amp;#x20;bet&amp;#x20;these&amp;#x20;prefixes&amp;#x20;will&amp;#x20;become&amp;#x20;a&amp;#x20;thing&amp;#x20;of&amp;#x20;the&amp;#x20;past.&amp;#x20;But&amp;#x20;for&amp;#x20;now,&amp;#x20;you&amp;#x20;may&amp;#x20;need&amp;#x20;to&amp;#x20;add&amp;#x20;these.&lt;br&gt;</notes>
			<slideThumbnail url="thumb.swf" frame="12"/>
			<audios id="49" duration=" 95270">
				<media url="a24x49x1.mp3" startMsecs="0" duration="95270" startAtMSecs="0"/>
			</audios>
			<playbackActions></playbackActions>
		</slide>
		<slide id="283" frameRate="30" totalFrames="1194" advance="auto" blockMovement="false" type="normal">
			<content url="Slide13.swf"/>
			<slideBackground index="1" frameToPlay="23" duration="2" showAfterFrame="0"/>
			<flvContents></flvContents>
			<clickAnimations>
				<clickAnimation start="205" end="220"/>
				<clickAnimation start="261" end="276"/>
				<clickAnimation start="303" end="318"/>
				<clickAnimation start="429" end="444"/>
				<clickAnimation start="486" end="501"/>
				<clickAnimation start="519" end="534"/>
				<clickAnimation start="600" end="615"/>
			</clickAnimations>
			<slideTitle>CSS3 – modules</slideTitle>
			<notes isHTML="true">There&amp;#x20;are&amp;#x20;more&amp;#x20;modules&amp;#x20;than&amp;#x20;those&amp;#x20;listed&amp;#x20;here&amp;#x20;but&amp;#x20;these&amp;#x20;are&amp;#x20;the&amp;#x20;ones&amp;#x20;that&amp;#x20;have&amp;#x20;the&amp;#x20;newest&amp;#x20;features&amp;#x20;with&amp;#x20;the&amp;#x20;most&amp;#x20;browser&amp;#x20;support.&lt;br&gt;&lt;br&gt;There&amp;#x2019;s&amp;#x20;also&amp;#x20;a&amp;#x20;cool&amp;#x20;one&amp;#x20;that&amp;#x20;has&amp;#x20;to&amp;#x20;do&amp;#x20;with&amp;#x20;multi-column&amp;#x20;layouts&amp;#x20;but&amp;#x20;unfortunately&amp;#x20;IE&amp;#x20;isn&amp;#x2019;t&amp;#x20;playing&amp;#x20;nice&amp;#x20;with&amp;#x20;it.&amp;#x20;&lt;br&gt;</notes>
			<slideThumbnail url="thumb.swf" frame="13"/>
			<audios id="50" duration=" 39800">
				<media url="a24x50x1.mp3" startMsecs="0" duration="39800" startAtMSecs="0"/>
			</audios>
			<playbackActions></playbackActions>
		</slide>
		<slide id="284" frameRate="30" totalFrames="2032.8000000000001" advance="auto" blockMovement="false" type="normal">
			<content url="Slide14.swf"/>
			<slideBackground index="1" frameToPlay="25" duration="2" showAfterFrame="0"/>
			<flvContents></flvContents>
			<clickAnimations>
				<clickAnimation start="700" end="715"/>
				<clickAnimation start="1272" end="1287"/>
				<clickAnimation start="1530" end="1545"/>
				<clickAnimation start="1635" end="1638"/>
				<clickAnimation start="1653" end="1656"/>
				<clickAnimation start="1683" end="1686"/>
			</clickAnimations>
			<slideTitle>CSS3 – backgrounds</slideTitle>
			<notes isHTML="true">When&amp;#x20;I&amp;#x20;say&amp;#x20;box,&amp;#x20;I&amp;#x2019;m&amp;#x20;talking&amp;#x20;about&amp;#x20;the&amp;#x20;box&amp;#x20;model,&amp;#x20;not&amp;#x20;a&amp;#x20;physical&amp;#x20;bordered&amp;#x20;box.&lt;br&gt;&lt;br&gt;What&amp;#x20;painting&amp;#x20;area&amp;#x20;means&amp;#x20;is&amp;#x20;where&amp;#x20;the&amp;#x20;background&amp;#x20;stops.&amp;#x20;It&amp;#x20;can&amp;#x20;stop&amp;#x20;at&amp;#x20;the&amp;#x20;border&amp;#x20;box,&amp;#x20;the&amp;#x20;padding&amp;#x20;box&amp;#x20;or&amp;#x20;at&amp;#x20;the&amp;#x20;content&amp;#x20;box.&amp;#x20;Note&amp;#x20;that&amp;#x20;these&amp;#x20;are&amp;#x20;supported&amp;#x20;in&amp;#x20;the&amp;#x20;newest&amp;#x20;stable&amp;#x20;versions&amp;#x20;of&amp;#x20;browsers&amp;#x20;but&amp;#x20;older&amp;#x20;versions&amp;#x20;may&amp;#x20;require&amp;#x20;a&amp;#x20;vendor&amp;#x20;prefix.&lt;br&gt;</notes>
			<slideThumbnail url="thumb.swf" frame="14"/>
			<audios id="51" duration=" 67760">
				<media url="a24x51x1.mp3" startMsecs="0" duration="67760" startAtMSecs="0"/>
			</audios>
			<playbackActions></playbackActions>
		</slide>
		<slide id="285" frameRate="30" totalFrames="2065.8" advance="auto" blockMovement="false" type="normal">
			<content url="Slide15.swf"/>
			<slideBackground index="1" frameToPlay="27" duration="2" showAfterFrame="0"/>
			<flvContents></flvContents>
			<clickAnimations>
				<clickAnimation start="154" end="169"/>
				<clickAnimation start="594" end="609"/>
				<clickAnimation start="1248" end="1263"/>
				<clickAnimation start="1293" end="1296"/>
				<clickAnimation start="1317" end="1320"/>
				<clickAnimation start="1338" end="1341"/>
			</clickAnimations>
			<slideTitle>CSS3 – borders</slideTitle>
			<notes isHTML="true">Border-radius&amp;#x20;can&amp;#x20;be&amp;#x20;broken&amp;#x20;down&amp;#x20;into&amp;#x20;border-radius-top-left,&amp;#x20;top-right,&amp;#x20;bottom-right,&amp;#x20;bottom-left.&amp;#x20;This&amp;#x20;is&amp;#x20;the&amp;#x20;order&amp;#x20;that&amp;#x20;the&amp;#x20;numbers&amp;#x20;should&amp;#x20;go&amp;#x20;in.&amp;#x20;Think&amp;#x20;of&amp;#x20;it&amp;#x20;being&amp;#x20;clockwise&amp;#x20;starting&amp;#x20;in&amp;#x20;the&amp;#x20;top&amp;#x20;left&amp;#x20;corner.&lt;br&gt;&lt;br&gt;With&amp;#x20;border-image,&amp;#x20;it&amp;#x2019;s&amp;#x20;supported&amp;#x20;by&amp;#x20;all&amp;#x20;browsers.&amp;#x20;However&amp;#x20;I&amp;#x20;have&amp;#x20;left&amp;#x20;the&amp;#x20;IE&amp;#x20;symbol&amp;#x20;off&amp;#x20;because&amp;#x20;only&amp;#x20;the&amp;#x20;absolute&amp;#x20;newest,&amp;#x20;version&amp;#x20;11,&amp;#x20;supports&amp;#x20;it.&amp;#x20;Version&amp;#x20;10&amp;#x20;and&amp;#x20;lower&amp;#x20;do&amp;#x20;not.&lt;br&gt;</notes>
			<slideThumbnail url="thumb.swf" frame="15"/>
			<audios id="52" duration=" 68860">
				<media url="a24x52x1.mp3" startMsecs="0" duration="68860" startAtMSecs="0"/>
			</audios>
			<playbackActions></playbackActions>
		</slide>
		<slide id="287" frameRate="30" totalFrames="1508.4" advance="auto" blockMovement="false" type="normal">
			<content url="Slide16.swf"/>
			<slideBackground index="1" frameToPlay="29" duration="2" showAfterFrame="0"/>
			<flvContents></flvContents>
			<clickAnimations>
				<clickAnimation start="130" end="145"/>
				<clickAnimation start="339" end="354"/>
				<clickAnimation start="540" end="555"/>
				<clickAnimation start="1377" end="1380"/>
				<clickAnimation start="1392" end="1395"/>
				<clickAnimation start="1407" end="1410"/>
			</clickAnimations>
			<slideTitle>CSS3 – text effects</slideTitle>
			<notes isHTML="true">With&amp;#x20;the&amp;#x20;shadow,&amp;#x20;you&amp;#x20;can&amp;#x20;specify&amp;#x20;the&amp;#x20;horizontal&amp;#x20;and&amp;#x20;vertical&amp;#x20;offset&amp;#x20;of&amp;#x20;the&amp;#x20;shadow,&amp;#x20;as&amp;#x20;well&amp;#x20;as&amp;#x20;the&amp;#x20;color.&amp;#x20;Unfortunately&amp;#x20;IE&amp;#x20;9&amp;#x20;and&amp;#x20;lower&amp;#x20;do&amp;#x20;not&amp;#x20;support&amp;#x20;text-shadow.&amp;#x20;But&amp;#x20;the&amp;#x20;nice&amp;#x20;thing&amp;#x20;about&amp;#x20;it&amp;#x20;is&amp;#x20;that&amp;#x20;you&amp;#x20;can&amp;#x20;specify&amp;#x20;it&amp;#x20;in&amp;#x20;the&amp;#x20;CSS&amp;#x20;and&amp;#x20;older&amp;#x20;IE&amp;#x20;versions&amp;#x20;will&amp;#x20;just&amp;#x20;ignore&amp;#x20;it,&amp;#x20;so&amp;#x20;everyone&amp;#x20;else&amp;#x20;in&amp;#x20;Firefox,&amp;#x20;Safari,&amp;#x20;Chrome&amp;#x20;or&amp;#x20;Opera&amp;#x20;can&amp;#x20;see&amp;#x20;the&amp;#x20;effect.&lt;br&gt;</notes>
			<slideThumbnail url="thumb.swf" frame="16"/>
			<audios id="54" duration=" 50280">
				<media url="a24x54x1.mp3" startMsecs="0" duration="50280" startAtMSecs="0"/>
			</audios>
			<playbackActions></playbackActions>
		</slide>
		<slide id="286" frameRate="30" totalFrames="1775.6999999999998" advance="auto" blockMovement="false" type="normal">
			<content url="Slide17.swf"/>
			<slideBackground index="1" frameToPlay="31" duration="2" showAfterFrame="0"/>
			<flvContents></flvContents>
			<clickAnimations>
				<clickAnimation start="94" end="109"/>
				<clickAnimation start="813" end="828"/>
				<clickAnimation start="1062" end="1065"/>
				<clickAnimation start="1080" end="1083"/>
			</clickAnimations>
			<slideTitle>CSS3 – box</slideTitle>
			<notes isHTML="true">Overflow&amp;#x20;is&amp;#x20;supported&amp;#x20;in&amp;#x20;all&amp;#x20;browsers&amp;#x20;but&amp;#x20;be&amp;#x20;careful&amp;#x20;in&amp;#x20;IE8&amp;#x20;and&amp;#x20;earlier.&amp;#x20;It&amp;#x20;can&amp;#x20;do&amp;#x20;weird&amp;#x20;things.&amp;#x20;&lt;br&gt;&lt;br&gt;Transform&amp;#x20;works&amp;#x20;in&amp;#x20;all&amp;#x20;browsers&amp;#x20;but&amp;#x20;Opera,&amp;#x20;Chrome&amp;#x20;and&amp;#x20;Safari&amp;#x20;support&amp;#x20;it&amp;#x20;with&amp;#x20;the&amp;#x20;webkit&amp;#x20;prefix.&amp;#x20;IE9&amp;#x20;supports&amp;#x20;ms-transform.&amp;#x20;So&amp;#x20;natively,&amp;#x20;only&amp;#x20;IE&amp;#x20;10&amp;#x20;and&amp;#x20;Firefox&amp;#x20;support&amp;#x20;transform.&lt;br&gt;</notes>
			<slideThumbnail url="thumb.swf" frame="17"/>
			<audios id="53" duration=" 59190">
				<media url="a24x53x1.mp3" startMsecs="0" duration="59190" startAtMSecs="0"/>
			</audios>
			<playbackActions></playbackActions>
		</slide>
		<slide id="288" frameRate="30" totalFrames="2085.9" advance="auto" blockMovement="false" type="normal">
			<content url="Slide18.swf"/>
			<slideBackground index="1" frameToPlay="33" duration="2" showAfterFrame="0"/>
			<flvContents></flvContents>
			<clickAnimations>
				<clickAnimation start="109" end="124"/>
				<clickAnimation start="522" end="537"/>
				<clickAnimation start="699" end="714"/>
				<clickAnimation start="1167" end="1170"/>
				<clickAnimation start="1227" end="1230"/>
				<clickAnimation start="1245" end="1248"/>
				<clickAnimation start="1269" end="1272"/>
			</clickAnimations>
			<slideTitle>CSS3 – color</slideTitle>
			<notes isHTML="true">You&amp;#x20;can&amp;#x20;give&amp;#x20;it&amp;#x20;anywhere&amp;#x20;from&amp;#x20;0.0&amp;#x20;(fully&amp;#x20;transparent)&amp;#x20;to&amp;#x20;1.0&amp;#x20;(fully&amp;#x20;opaque).&lt;br&gt;&lt;br&gt;Alpha&amp;#x20;is&amp;#x20;the&amp;#x20;opacity&amp;#x20;level.&amp;#x20;The&amp;#x20;levels&amp;#x20;are&amp;#x20;the&amp;#x20;same&amp;#x20;as&amp;#x20;opacity&amp;#x20;above,&amp;#x20;0.0&amp;#x20;to&amp;#x20;1.0.&lt;br&gt;&lt;br&gt;Gradient&amp;#x20;is&amp;#x20;only&amp;#x20;supported&amp;#x20;natively&amp;#x20;by&amp;#x20;the&amp;#x20;most&amp;#x20;recent&amp;#x20;stable&amp;#x20;versions&amp;#x20;of&amp;#x20;browsers.&amp;#x20;Earlier&amp;#x20;versions&amp;#x20;need&amp;#x20;vendor&amp;#x20;prefixes,&amp;#x20;and&amp;#x20;IE9&amp;#x20;and&amp;#x20;lower&amp;#x20;do&amp;#x20;not&amp;#x20;support.&lt;br&gt;</notes>
			<slideThumbnail url="thumb.swf" frame="18"/>
			<audios id="55" duration=" 69530">
				<media url="a24x55x1.mp3" startMsecs="0" duration="69530" startAtMSecs="0"/>
			</audios>
			<playbackActions></playbackActions>
		</slide>
		<slide id="290" frameRate="30" totalFrames="3530.1" advance="auto" blockMovement="false" type="normal">
			<content url="Slide19.swf"/>
			<slideBackground index="1" frameToPlay="35" duration="2" showAfterFrame="0"/>
			<flvContents></flvContents>
			<clickAnimations>
				<clickAnimation start="790" end="805"/>
				<clickAnimation start="1539" end="1554"/>
				<clickAnimation start="2094" end="2109"/>
			</clickAnimations>
			<slideTitle>Resources</slideTitle>
			<notes isHTML="true"></notes>
			<slideThumbnail url="thumb.swf" frame="19"/>
			<audios id="57" duration=" 117670">
				<media url="a24x57x1.mp3" startMsecs="0" duration="117670" startAtMSecs="0"/>
			</audios>
			<playbackActions></playbackActions>
		</slide>
		<slide id="289" frameRate="30" totalFrames="3060.9" advance="auto" blockMovement="false" type="normal">
			<content url="Slide20.swf"/>
			<slideBackground index="1" frameToPlay="37" duration="2" showAfterFrame="0"/>
			<flvContents></flvContents>
			<clickAnimations>
				<clickAnimation start="421" end="436"/>
				<clickAnimation start="1371" end="1386"/>
				<clickAnimation start="1914" end="1929"/>
			</clickAnimations>
			<slideTitle>Assignments for Module 1</slideTitle>
			<notes isHTML="true"></notes>
			<slideThumbnail url="thumb.swf" frame="20"/>
			<audios id="56" duration=" 102030">
				<media url="a24x56x1.mp3" startMsecs="0" duration="102030" startAtMSecs="0"/>
			</audios>
			<playbackActions></playbackActions>
		</slide>
	</slides>
	<quizzes>
		<reportingOptions isTracked="false"></reportingOptions>
		<quizSettings showQuestionList="true" showScores="true" showPassScore="false" showCurrentScore="false" showQuestionMarks="false" showAttempts="true" showQuizAttempts="false" showQuestionAttempts="false" showQuestionCorrectFeedback="true" showQuestionIncorrectFeedback="true" showQuizNavigationWarning="true"></quizSettings>
		<quiz quizID="10004" title="Quiz" numQuizAttemptsAllowed="1" minScore="0" passingScore="80" percent="true" passingGradeAction="nextSlide" passingGradeActionArg1="" passingGradeActionArg2="" failingGradeAction="nextSlide" failingGradeActionArg1="" failingGradeActionArg2="" questionAdvance="optional" quizAdvance="optional" showProgress="minimal" allowBackwardMovementInQuiz="true" allowReviewMode="true" passedScoreFeedback="Passed" failedScoreFeedback="Failed" shuffleQuestions="0">
			<questiongroups></questiongroups>
		</quiz>
	</quizzes>
	<attachments></attachments>
</presentation>
