<?xml version="1.0" encoding="utf-8"?>
<document-metadata version="1.0" xmlns="http://breeze.macromedia.com/">
	<document-info>
		<title>GIT418_Lecture5</title>
		<summary></summary>
		<author/>
		<keywords/>
		<thumbnail href="data/thumb/thumb_slide_000001.jpg"/><view-link href="/Viewer.swf?slide={position}"/>
	</document-info>
	<section type="slide" position="1" xmlns="">
		<title>Lecture 3b </title>
		<content>GIT418/598: Multimedia Authoring, Scripting &amp; Production                                                         1 Lecture 3b jQuery UI </content>
		<related-content>In&amp;#x20;this&amp;#x20;lecture,&amp;#x20;I&amp;#x20;want&amp;#x20;to&amp;#x20;cover&amp;#x20;something&amp;#x20;very&amp;#x20;cool,&amp;#x20;and&amp;#x20;that&amp;#x2019;s&amp;#x20;the&amp;#x20;jQuery&amp;#x20;UI.&amp;#x20;There&amp;#x20;are&amp;#x20;some&amp;#x20;amazing&amp;#x20;effects&amp;#x20;you&amp;#x20;can&amp;#x20;create&amp;#x20;with&amp;#x20;just&amp;#x20;a&amp;#x20;little&amp;#x20;bit&amp;#x20;of&amp;#x20;code.&lt;br&gt;</related-content>
		<thumbnail href="data/thumb/thumb_slide_000001.jpg"/></section>
	<section type="slide" position="2" xmlns="">
		<title>Downloading jQuery UI library </title>
		<content>GIT418/598: Multimedia Authoring, Scripting &amp; Production                                                         2 Downloading jQuery UI library http://jqueryui.com Download entire library or customize </content>
		<related-content>The&amp;#x20;jQueryUI&amp;#x20;site&amp;#x20;refers&amp;#x20;to&amp;#x20;each&amp;#x20;of&amp;#x20;these&amp;#x20;features&amp;#x20;as&amp;#x20;widgets.&amp;#x20;Just&amp;#x20;like&amp;#x20;the&amp;#x20;jQuery&amp;#x20;file,&amp;#x20;you&amp;#x20;call&amp;#x20;the&amp;#x20;jQueryUI&amp;#x20;file&amp;#x20;in&amp;#x20;your&amp;#x20;HTML.&lt;br&gt;</related-content>
		<thumbnail href="data/thumb/thumb_slide_000002.jpg"/></section>
	<section type="slide" position="3" xmlns="">
		<title>Accordion </title>
		<content>GIT418/598: Multimedia Authoring, Scripting &amp; Production                                                         3 Accordion Arranges content into sections Sections can expand and collapse with mouse click Styling is done with CSS The only script code you need is:  &lt;script&gt;  $(function() {  $( "#accordion" ).accordion();      }); &lt;/script&gt; </content>
		<related-content>Under&amp;#x20;the&amp;#x20;Examples&amp;#x20;link&amp;#x20;in&amp;#x20;the&amp;#x20;module,&amp;#x20;I&amp;#x2019;ve&amp;#x20;created&amp;#x20;some&amp;#x20;demos&amp;#x20;of&amp;#x20;each&amp;#x20;of&amp;#x20;these,&amp;#x20;so&amp;#x20;take&amp;#x20;a&amp;#x20;look&amp;#x20;at&amp;#x20;them&amp;#x20;and&amp;#x20;do&amp;#x20;a&amp;#x20;View&amp;#x20;Source&amp;#x20;to&amp;#x20;see&amp;#x20;the&amp;#x20;code.&lt;br&gt;&lt;br&gt;One&amp;#x20;thing&amp;#x20;with&amp;#x20;Accordion,&amp;#x20;though,&amp;#x20;is&amp;#x20;that&amp;#x20;you&amp;#x20;can&amp;#x20;only&amp;#x20;have&amp;#x20;one&amp;#x20;section&amp;#x20;open&amp;#x20;at&amp;#x20;a&amp;#x20;time.&amp;#x20;When&amp;#x20;you&amp;#x20;click&amp;#x20;on&amp;#x20;a&amp;#x20;link,&amp;#x20;the&amp;#x20;section&amp;#x20;opens.&amp;#x20;Then&amp;#x20;when&amp;#x20;you&amp;#x20;click&amp;#x20;on&amp;#x20;the&amp;#x20;next&amp;#x20;section,&amp;#x20;the&amp;#x20;first&amp;#x20;section&amp;#x20;closes.&amp;#x20;If&amp;#x20;you&amp;#x20;want&amp;#x20;to&amp;#x20;have&amp;#x20;more&amp;#x20;than&amp;#x20;one&amp;#x20;section&amp;#x20;open&amp;#x20;at&amp;#x20;once,&amp;#x20;you&amp;#x2019;ll&amp;#x20;need&amp;#x20;to&amp;#x20;use&amp;#x20;something&amp;#x20;else,&amp;#x20;such&amp;#x20;as&amp;#x20;the&amp;#x20;toggle&amp;#x20;method.&lt;br&gt;&lt;br&gt;</related-content>
		<thumbnail href="data/thumb/thumb_slide_000003.jpg"/></section>
	<section type="slide" position="4" xmlns="">
		<title>Autocomplete </title>
		<content>GIT418/598: Multimedia Authoring, Scripting &amp; Production                                                         4 Autocomplete Gives user suggestions when typing in terms into input field Terms = JavaScript array  The script code you need is:   &lt;script&gt;  $(function() {   var availableTerms = [    “Term1”,    ”Term2”,    “Term3”   ];   $( "#terms" ).autocomplete({    source: availableTerms   });  });  &lt;/script&gt; </content>
		<related-content>Autocomplete&amp;#x20;makes&amp;#x20;it&amp;#x20;possible&amp;#x20;to&amp;#x20;make&amp;#x20;suggestions&amp;#x20;when&amp;#x20;a&amp;#x20;user&amp;#x20;is&amp;#x20;inputting&amp;#x20;text.&amp;#x20;This&amp;#x20;is&amp;#x20;similar&amp;#x20;to&amp;#x20;what&amp;#x20;Google&amp;#x20;does&amp;#x20;now.&amp;#x20;When&amp;#x20;you&amp;#x20;start&amp;#x20;to&amp;#x20;type&amp;#x20;in&amp;#x20;your&amp;#x20;search&amp;#x20;terms,&amp;#x20;suggestions&amp;#x20;appear&amp;#x20;in&amp;#x20;a&amp;#x20;dropdown.&amp;#x20;&lt;br&gt;&lt;br&gt;This&amp;#x20;one&amp;#x20;does&amp;#x20;have&amp;#x20;extra&amp;#x20;code,&amp;#x20;and&amp;#x20;that&amp;#x2019;s&amp;#x20;your&amp;#x20;array.&amp;#x20;You&amp;#x20;declare&amp;#x20;your&amp;#x20;var&amp;#x20;with&amp;#x20;a&amp;#x20;specific&amp;#x20;name,&amp;#x20;and&amp;#x20;that&amp;#x20;name&amp;#x20;also&amp;#x20;needs&amp;#x20;to&amp;#x20;go&amp;#x20;in&amp;#x20;the&amp;#x20;source:&amp;#x20;line.&amp;#x20;Here,&amp;#x20;the&amp;#x20;word&amp;#x20;terms&amp;#x20;is&amp;#x20;the&amp;#x20;id&amp;#x20;for&amp;#x20;the&amp;#x20;input&amp;#x20;field,&amp;#x20;and&amp;#x20;availableTerms&amp;#x20;is&amp;#x20;the&amp;#x20;name&amp;#x20;of&amp;#x20;the&amp;#x20;array&amp;#x20;where&amp;#x20;all&amp;#x20;of&amp;#x20;the&amp;#x20;terms&amp;#x20;are&amp;#x20;placed.&lt;br&gt;&lt;br&gt;You&amp;#x20;can&amp;#x20;see&amp;#x20;how&amp;#x20;powerful&amp;#x20;this&amp;#x20;one&amp;#x20;is&amp;#x20;if&amp;#x20;you&amp;#x20;think&amp;#x20;about&amp;#x20;inputting&amp;#x20;terms&amp;#x20;that&amp;#x20;the&amp;#x20;user&amp;#x20;will&amp;#x20;see.&amp;#x20;You&amp;#x20;could&amp;#x20;direct&amp;#x20;them&amp;#x20;to&amp;#x20;pages&amp;#x20;that&amp;#x20;you&amp;#x20;want&amp;#x20;them&amp;#x20;to&amp;#x20;go&amp;#x20;to&amp;#x20;by&amp;#x20;adding&amp;#x20;those&amp;#x20;into&amp;#x20;the&amp;#x20;autocomplete,&amp;#x20;or&amp;#x20;keeping&amp;#x20;others&amp;#x20;out.&lt;br&gt;</related-content>
		<thumbnail href="data/thumb/thumb_slide_000004.jpg"/></section>
	<section type="slide" position="5" xmlns="">
		<title>Button </title>
		<content>GIT418/598: Multimedia Authoring, Scripting &amp; Production                                                         5 Button Adds style to standard input buttons, radio buttons and checkboxes Great for “prettying up” your Submit or Reset buttons on forms The only script code you need is:  &lt;script&gt;  $(function() {   $( "button, input:submit, a", ".demo" ).button();   $( "a", ".demo" ).click(function() { return false; });  }); &lt;/script&gt; </content>
		<related-content></related-content>
		<thumbnail href="data/thumb/thumb_slide_000005.jpg"/></section>
	<section type="slide" position="6" xmlns="">
		<title>Datepicker </title>
		<content>GIT418/598: Multimedia Authoring, Scripting &amp; Production                                                         6 Datepicker Lets user choose date from dropdown calendar Form input field The only script code you need is:  &lt;script&gt;  $(function() {   $( "#datepicker" ).datepicker();  }); &lt;/script&gt; </content>
		<related-content>Datepicker&amp;#x20;uses&amp;#x20;a&amp;#x20;standard&amp;#x20;form&amp;#x20;input&amp;#x20;field.&amp;#x20;When&amp;#x20;the&amp;#x20;user&amp;#x20;clicks&amp;#x20;on&amp;#x20;it,&amp;#x20;a&amp;#x20;calendar&amp;#x20;drops&amp;#x20;down&amp;#x20;or&amp;#x20;to&amp;#x20;the&amp;#x20;side&amp;#x20;for&amp;#x20;them&amp;#x20;to&amp;#x20;be&amp;#x20;able&amp;#x20;to&amp;#x20;choose&amp;#x20;the&amp;#x20;exact&amp;#x20;date.&amp;#x20;Datepicker&amp;#x20;lets&amp;#x20;you&amp;#x20;customize&amp;#x20;how&amp;#x20;the&amp;#x20;calendar&amp;#x20;looks,&amp;#x20;a&amp;#x20;range&amp;#x20;of&amp;#x20;dates&amp;#x20;available,&amp;#x20;and&amp;#x20;even&amp;#x20;the&amp;#x20;language&amp;#x20;of&amp;#x20;the&amp;#x20;calendar.&lt;br&gt;</related-content>
		<thumbnail href="data/thumb/thumb_slide_000006.jpg"/></section>
	<section type="slide" position="7" xmlns="">
		<title>Dialog </title>
		<content>GIT418/598: Multimedia Authoring, Scripting &amp; Production                                                         7 Dialog Sets a dialog window to “pop up” Default has title bar, message area and close “X” icon   &lt;script&gt;   $(function() {     $( "#dialog" ).dialog();   });   &lt;/script&gt; </content>
		<related-content>You&amp;#x20;set&amp;#x20;the&amp;#x20;title&amp;#x20;inside&amp;#x20;the&amp;#x20;top&amp;#x20;bar&amp;#x20;with&amp;#x20;a&amp;#x20;title&amp;#x20;attribute.&amp;#x20;With&amp;#x20;the&amp;#x20;dialog,&amp;#x20;you&amp;#x20;have&amp;#x20;the&amp;#x20;option&amp;#x20;of&amp;#x20;animating&amp;#x20;it&amp;#x20;or&amp;#x20;having&amp;#x20;a&amp;#x20;modal&amp;#x20;window,&amp;#x20;which&amp;#x20;is&amp;#x20;a&amp;#x20;window&amp;#x20;that&amp;#x20;pops&amp;#x20;up&amp;#x20;and&amp;#x20;the&amp;#x20;user&amp;#x20;cannot&amp;#x20;interact&amp;#x20;with&amp;#x20;the&amp;#x20;rest&amp;#x20;of&amp;#x20;the&amp;#x20;page&amp;#x20;until&amp;#x20;the&amp;#x20;box&amp;#x20;is&amp;#x20;closed.&lt;br&gt;</related-content>
		<thumbnail href="data/thumb/thumb_slide_000007.jpg"/></section>
	<section type="slide" position="8" xmlns="">
		<title>Progressbar </title>
		<content>GIT418/598: Multimedia Authoring, Scripting &amp; Production                                                         8 Progressbar Shows the status of a specified process Only use when system can accurately update process The only script code you need is:  &lt;script&gt;   $(function() {         $( "#progressbar" ).progressbar({             value: 37         });     }); &lt;/script&gt; </content>
		<related-content>Value&amp;#x20;is&amp;#x20;what&amp;#x20;you&amp;#x20;want&amp;#x20;the&amp;#x20;progress&amp;#x20;bar&amp;#x20;to&amp;#x20;start&amp;#x20;at,&amp;#x20;or&amp;#x20;initialize&amp;#x20;to.&amp;#x20;You&amp;#x20;have&amp;#x20;the&amp;#x20;option&amp;#x20;to&amp;#x20;have&amp;#x20;a&amp;#x20;set&amp;#x20;progressbar,&amp;#x20;or&amp;#x20;even&amp;#x20;one&amp;#x20;that&amp;#x20;is&amp;#x20;animated.&amp;#x20;To&amp;#x20;do&amp;#x20;that,&amp;#x20;you&amp;#x2019;ll&amp;#x20;set&amp;#x20;a&amp;#x20;background&amp;#x20;image&amp;#x20;of&amp;#x20;an&amp;#x20;animated&amp;#x20;gif.&lt;br&gt;</related-content>
		<thumbnail href="data/thumb/thumb_slide_000008.jpg"/></section>
	<section type="slide" position="9" xmlns="">
		<title>Slider </title>
		<content>GIT418/598: Multimedia Authoring, Scripting &amp; Production                                                         9 Slider Slider bar that has handle and can be moved with mouse or arrow keys Multiple options available! The only script code you need is:  &lt;script&gt;   $(function() {         $( "#slider" ).slider();     }); &lt;/script&gt; </content>
		<related-content>With&amp;#x20;the&amp;#x20;slider,&amp;#x20;you&amp;#x20;can&amp;#x20;create&amp;#x20;a&amp;#x20;colorpicker&amp;#x20;slider,&amp;#x20;multiple&amp;#x20;slides,&amp;#x20;such&amp;#x20;as&amp;#x20;with&amp;#x20;volume&amp;#x20;controls,&amp;#x20;a&amp;#x20;slider&amp;#x20;scrollbar,&amp;#x20;and&amp;#x20;even&amp;#x20;a&amp;#x20;vertical&amp;#x20;slider.&amp;#x20;The&amp;#x20;default&amp;#x20;is&amp;#x20;horizontal,&amp;#x20;by&amp;#x20;the&amp;#x20;way.&lt;br&gt;</related-content>
		<thumbnail href="data/thumb/thumb_slide_000009.jpg"/></section>
	<section type="slide" position="10" xmlns="">
		<title>Spinner </title>
		<content>GIT418/598: Multimedia Authoring, Scripting &amp; Production                                                         10 Spinner Allows user to input number, then toggle the value up or down with up/down arrows The only script code you need is:   &lt;script&gt;   $(function() {     var spinner = $( "#spinner" ).spinner();    }); &lt;/script&gt; </content>
		<related-content>The&amp;#x20;spinner&amp;#x20;has&amp;#x20;several&amp;#x20;options&amp;#x20;that&amp;#x20;deal&amp;#x20;with&amp;#x20;currency,&amp;#x20;decimal&amp;#x20;points,&amp;#x20;map&amp;#x20;latitude&amp;#x20;and&amp;#x20;longitude,&amp;#x20;and&amp;#x20;time.&lt;br&gt;</related-content>
		<thumbnail href="data/thumb/thumb_slide_000010.jpg"/></section>
	<section type="slide" position="11" xmlns="">
		<title>Tabs </title>
		<content>GIT418/598: Multimedia Authoring, Scripting &amp; Production                                                         11 Tabs Arranges content into sections Sections can expand and collapse with mouse click Styling is done with CSS The only script code you need is:  &lt;script&gt;  $(function() {  $( "#tabs" ).tabs();      }); &lt;/script&gt; </content>
		<related-content>The&amp;#x20;default&amp;#x20;for&amp;#x20;Tabs&amp;#x20;is&amp;#x20;to&amp;#x20;have&amp;#x20;the&amp;#x20;user&amp;#x20;click&amp;#x20;to&amp;#x20;change&amp;#x20;the&amp;#x20;tabs,&amp;#x20;but&amp;#x20;you&amp;#x20;can&amp;#x20;make&amp;#x20;it&amp;#x20;to&amp;#x20;when&amp;#x20;the&amp;#x20;user&amp;#x20;just&amp;#x20;hovers&amp;#x20;over&amp;#x20;the&amp;#x20;link.&amp;#x20;You&amp;#x20;also&amp;#x20;can&amp;#x20;create&amp;#x20;tabs&amp;#x20;dynamically,&amp;#x20;or&amp;#x20;even&amp;#x20;make&amp;#x20;the&amp;#x20;tabs&amp;#x20;draggable&amp;#x20;so&amp;#x20;the&amp;#x20;user&amp;#x20;can&amp;#x20;move,&amp;#x20;or&amp;#x20;sort,&amp;#x20;them&amp;#x20;the&amp;#x20;way&amp;#x20;they&amp;#x20;want.&amp;#x20;That&amp;#x20;functionality&amp;#x20;makes&amp;#x20;use&amp;#x20;of&amp;#x20;the&amp;#x20;sortable&amp;#x20;method.&lt;br&gt;</related-content>
		<thumbnail href="data/thumb/thumb_slide_000011.jpg"/></section>
	<section type="slide" position="12" xmlns="">
		<title>Tooltip </title>
		<content>GIT418/598: Multimedia Authoring, Scripting &amp; Production                                                         12 Tooltip Allows for customized tooltips When user hovers over element, tooltip pops up The only script code you need is:  &lt;script&gt;  $(function() {         $( document ).tooltip();     }); &lt;/script&gt; </content>
		<related-content>The&amp;#x20;tooltip&amp;#x20;area&amp;#x20;can&amp;#x20;be&amp;#x20;customized&amp;#x20;using&amp;#x20;CSS.&lt;br&gt;&lt;br&gt;Now,&amp;#x20;a&amp;#x20;caveat&amp;#x20;with&amp;#x20;these&amp;#x20;UI&amp;#x20;features.&amp;#x20;As&amp;#x20;you&amp;#x20;can&amp;#x20;see,&amp;#x20;the&amp;#x20;code&amp;#x20;is&amp;#x20;the&amp;#x20;easy&amp;#x20;part.&amp;#x20;It&amp;#x2019;s&amp;#x20;the&amp;#x20;styling&amp;#x20;that&amp;#x20;will&amp;#x20;take&amp;#x20;time.&amp;#x20;You&amp;#x20;need&amp;#x20;to&amp;#x20;make&amp;#x20;sure&amp;#x20;you&amp;#x20;leave&amp;#x20;time&amp;#x20;for&amp;#x20;styling.&amp;#x20;It&amp;#x20;may&amp;#x20;look&amp;#x20;like&amp;#x20;a&amp;#x20;breeze&amp;#x20;but&amp;#x20;it&amp;#x2019;s&amp;#x20;not.&amp;#x20;&lt;br&gt;</related-content>
		<thumbnail href="data/thumb/thumb_slide_000012.jpg"/></section>
	<section type="slide" position="13" xmlns="">
		<title>“Lightbox” </title>
		<content>GIT418/598: Multimedia Authoring, Scripting &amp; Production                                                         13 “Lightbox” Lightbox (uppercase) = script on Prototype framework to display images lightbox (lowercase) = script on any JavaScript framework to display images and other content jQuery lightbox plugins: ColorBox ThickBox </content>
		<related-content>Some&amp;#x20;of&amp;#x20;you&amp;#x20;may&amp;#x20;have&amp;#x20;heard&amp;#x20;of&amp;#x20;lightbox,&amp;#x20;and&amp;#x20;there&amp;#x20;is&amp;#x20;a&amp;#x20;little&amp;#x20;confusion&amp;#x20;around&amp;#x20;it.&amp;#x20;There&amp;#x2019;s&amp;#x20;a&amp;#x20;script&amp;#x20;called&amp;#x20;LightBox&amp;#x20;that&amp;#x2019;s&amp;#x20;on&amp;#x20;the&amp;#x20;Prototype&amp;#x20;framework,&amp;#x20;not&amp;#x20;jQuery.&amp;#x20;But&amp;#x20;the&amp;#x20;term&amp;#x20;lightbox&amp;#x20;is&amp;#x20;much&amp;#x20;like&amp;#x20;the&amp;#x20;terms&amp;#x20;band-aids&amp;#x20;or&amp;#x20;kleenex.&amp;#x20;That&amp;#x20;was&amp;#x20;the&amp;#x20;original&amp;#x20;name&amp;#x20;and&amp;#x20;its&amp;#x20;what&amp;#x20;everyone&amp;#x20;knows&amp;#x20;it&amp;#x20;as.&amp;#x20;Lightbox&amp;#x20;the&amp;#x20;brand&amp;#x20;is&amp;#x20;still&amp;#x20;around,&amp;#x20;but&amp;#x20;there&amp;#x20;have&amp;#x20;been&amp;#x20;scripts&amp;#x20;created&amp;#x20;that&amp;#x20;work&amp;#x20;in&amp;#x20;the&amp;#x20;other&amp;#x20;frameworks,&amp;#x20;including&amp;#x20;jQuery.&amp;#x20;A&amp;#x20;&amp;#x201c;lightbox&amp;#x201d;&amp;#x20;is&amp;#x20;a&amp;#x20;script&amp;#x20;that&amp;#x20;allows&amp;#x20;you&amp;#x20;display&amp;#x20;large&amp;#x20;images&amp;#x20;using&amp;#x20;various&amp;#x20;modal&amp;#x20;dialogues.&amp;#x20;Lightbox&amp;#x20;plugins&amp;#x20;for&amp;#x20;jQuery&amp;#x20;include&amp;#x20;Colorbox&amp;#x20;and&amp;#x20;Thickbox.&lt;br&gt;&lt;br&gt;Colorbox&amp;#x20;is&amp;#x20;very&amp;#x20;customizable,&amp;#x20;which&amp;#x20;makes&amp;#x20;it&amp;#x20;flexible&amp;#x20;for&amp;#x20;just&amp;#x20;about&amp;#x20;any&amp;#x20;kind&amp;#x20;of&amp;#x20;gallery.&amp;#x20;Just&amp;#x20;like&amp;#x20;the&amp;#x20;UI&amp;#x20;components,&amp;#x20;Colorbox&amp;#x20;styling&amp;#x20;is&amp;#x20;controlled&amp;#x20;by&amp;#x20;CSS.&amp;#x20;I&amp;#x20;have&amp;#x20;a&amp;#x20;link&amp;#x20;to&amp;#x20;an&amp;#x20;example&amp;#x20;of&amp;#x20;Colorbox&amp;#x20;in&amp;#x20;the&amp;#x20;Examples&amp;#x20;section&amp;#x20;in&amp;#x20;the&amp;#x20;module.&amp;#x20;&lt;br&gt;</related-content>
		<thumbnail href="data/thumb/thumb_slide_000013.jpg"/></section>
	<section type="slide" position="14" xmlns="">
		<title>Assignments for Module 3 </title>
		<content>Assignments for Module 3 Reading/Viewing:  HTML5 Multimedia Development Cookbook Learning jQuery 4th Edition Additional material  Assignment 4: Featured Lab Videos </content>
		<related-content>14&lt;br&gt;Make&amp;#x20;sure&amp;#x20;you&amp;#x20;check&amp;#x20;out&amp;#x20;the&amp;#x20;examples,&amp;#x20;too.&lt;br&gt;&lt;br&gt;You&amp;#x20;will&amp;#x20;be&amp;#x20;converting&amp;#x20;video&amp;#x20;for&amp;#x20;use&amp;#x20;on&amp;#x20;your&amp;#x20;site.&lt;br&gt;&lt;br&gt;Grad&amp;#x20;students,&amp;#x20;there&amp;#x20;is&amp;#x20;an&amp;#x20;extra&amp;#x20;requirement&amp;#x20;that&amp;#x20;is&amp;#x20;required&amp;#x20;for&amp;#x20;you.&amp;#x20;Undergrads,&amp;#x20;it&amp;#x2019;s&amp;#x20;optional&amp;#x20;for&amp;#x20;you&amp;#x20;but&amp;#x20;it&amp;#x20;would&amp;#x20;earn&amp;#x20;you&amp;#x20;full&amp;#x20;more&amp;#x20;than&amp;#x20;minimum&amp;#x20;requirement&amp;#x20;points.&lt;br&gt;</related-content>
		<thumbnail href="data/thumb/thumb_slide_000014.jpg"/></section>
</document-metadata>
