<?xml version="1.0" encoding="utf-8"?>
<presentation width="720" height="540" start="play" buildNum="7.0.7.7746">
	<presentationTitle>GIT418_Lecture5</presentationTitle>
	<speakers>
		<speaker>
			<name>Deborah Prewitt</name>
		</speaker>
	</speakers>
	<backgrounds>
		<background url="Master80000114.swf"/>
		<background url="Master8000011a.swf"/>
	</backgrounds>
	<search url="srchdata.xml"/>
	<slides>
		<slide id="256" frameRate="30" totalFrames="494.69999999999993" advance="auto" blockMovement="false" type="normal">
			<content url="Slide1.swf"/>
			<slideBackground index="0" frameToPlay="1" duration="2" showAfterFrame="0"/>
			<flvContents></flvContents>
			<clickAnimations>
				<clickAnimation start="58" end="73"/>
			</clickAnimations>
			<slideTitle>Lecture 3b</slideTitle>
			<notes isHTML="true">In&amp;#x20;this&amp;#x20;lecture,&amp;#x20;I&amp;#x20;want&amp;#x20;to&amp;#x20;cover&amp;#x20;something&amp;#x20;very&amp;#x20;cool,&amp;#x20;and&amp;#x20;that&amp;#x2019;s&amp;#x20;the&amp;#x20;jQuery&amp;#x20;UI.&amp;#x20;There&amp;#x20;are&amp;#x20;some&amp;#x20;amazing&amp;#x20;effects&amp;#x20;you&amp;#x20;can&amp;#x20;create&amp;#x20;with&amp;#x20;just&amp;#x20;a&amp;#x20;little&amp;#x20;bit&amp;#x20;of&amp;#x20;code.&lt;br&gt;</notes>
			<slideThumbnail url="thumb.swf" frame="1"/>
			<slideSpeaker index="0"/>
			<audios id="1" duration=" 16490">
				<media url="a24x1x1.mp3" startMsecs="0" duration="16490" startAtMSecs="0"/>
			</audios>
			<playbackActions></playbackActions>
		</slide>
		<slide id="276" frameRate="30" totalFrames="564.9" advance="auto" blockMovement="false" type="normal">
			<content url="Slide2.swf"/>
			<slideBackground index="1" frameToPlay="1" duration="2" showAfterFrame="0"/>
			<flvContents></flvContents>
			<clickAnimations>
				<clickAnimation start="16" end="31"/>
				<clickAnimation start="261" end="276"/>
			</clickAnimations>
			<slideTitle>Downloading jQuery UI library</slideTitle>
			<notes isHTML="true">The&amp;#x20;jQueryUI&amp;#x20;site&amp;#x20;refers&amp;#x20;to&amp;#x20;each&amp;#x20;of&amp;#x20;these&amp;#x20;features&amp;#x20;as&amp;#x20;widgets.&amp;#x20;Just&amp;#x20;like&amp;#x20;the&amp;#x20;jQuery&amp;#x20;file,&amp;#x20;you&amp;#x20;call&amp;#x20;the&amp;#x20;jQueryUI&amp;#x20;file&amp;#x20;in&amp;#x20;your&amp;#x20;HTML.&lt;br&gt;</notes>
			<slideThumbnail url="thumb.swf" frame="2"/>
			<slideSpeaker index="0"/>
			<audios id="2" duration=" 18830">
				<media url="a24x2x1.mp3" startMsecs="0" duration="18830" startAtMSecs="0"/>
			</audios>
			<playbackActions></playbackActions>
		</slide>
		<slide id="277" frameRate="30" totalFrames="1883.7" advance="auto" blockMovement="false" type="normal">
			<content url="Slide3.swf"/>
			<slideBackground index="1" frameToPlay="3" duration="2" showAfterFrame="0"/>
			<flvContents></flvContents>
			<clickAnimations>
				<clickAnimation start="511" end="526"/>
				<clickAnimation start="657" end="672"/>
				<clickAnimation start="792" end="807"/>
				<clickAnimation start="936" end="951"/>
			</clickAnimations>
			<slideTitle>Accordion</slideTitle>
			<notes isHTML="true">Under&amp;#x20;the&amp;#x20;Examples&amp;#x20;link&amp;#x20;in&amp;#x20;the&amp;#x20;module,&amp;#x20;I&amp;#x2019;ve&amp;#x20;created&amp;#x20;some&amp;#x20;demos&amp;#x20;of&amp;#x20;each&amp;#x20;of&amp;#x20;these,&amp;#x20;so&amp;#x20;take&amp;#x20;a&amp;#x20;look&amp;#x20;at&amp;#x20;them&amp;#x20;and&amp;#x20;do&amp;#x20;a&amp;#x20;View&amp;#x20;Source&amp;#x20;to&amp;#x20;see&amp;#x20;the&amp;#x20;code.&lt;br&gt;&lt;br&gt;One&amp;#x20;thing&amp;#x20;with&amp;#x20;Accordion,&amp;#x20;though,&amp;#x20;is&amp;#x20;that&amp;#x20;you&amp;#x20;can&amp;#x20;only&amp;#x20;have&amp;#x20;one&amp;#x20;section&amp;#x20;open&amp;#x20;at&amp;#x20;a&amp;#x20;time.&amp;#x20;When&amp;#x20;you&amp;#x20;click&amp;#x20;on&amp;#x20;a&amp;#x20;link,&amp;#x20;the&amp;#x20;section&amp;#x20;opens.&amp;#x20;Then&amp;#x20;when&amp;#x20;you&amp;#x20;click&amp;#x20;on&amp;#x20;the&amp;#x20;next&amp;#x20;section,&amp;#x20;the&amp;#x20;first&amp;#x20;section&amp;#x20;closes.&amp;#x20;If&amp;#x20;you&amp;#x20;want&amp;#x20;to&amp;#x20;have&amp;#x20;more&amp;#x20;than&amp;#x20;one&amp;#x20;section&amp;#x20;open&amp;#x20;at&amp;#x20;once,&amp;#x20;you&amp;#x2019;ll&amp;#x20;need&amp;#x20;to&amp;#x20;use&amp;#x20;something&amp;#x20;else,&amp;#x20;such&amp;#x20;as&amp;#x20;the&amp;#x20;toggle&amp;#x20;method.&lt;br&gt;&lt;br&gt;</notes>
			<slideThumbnail url="thumb.swf" frame="3"/>
			<slideSpeaker index="0"/>
			<audios id="3" duration=" 62790">
				<media url="a24x3x1.mp3" startMsecs="0" duration="62790" startAtMSecs="0"/>
			</audios>
			<playbackActions></playbackActions>
		</slide>
		<slide id="279" frameRate="30" totalFrames="2527.5" advance="auto" blockMovement="false" type="normal">
			<content url="Slide4.swf"/>
			<slideBackground index="1" frameToPlay="5" duration="2" showAfterFrame="0"/>
			<flvContents></flvContents>
			<clickAnimations>
				<clickAnimation start="82" end="97"/>
				<clickAnimation start="438" end="453"/>
				<clickAnimation start="600" end="615"/>
			</clickAnimations>
			<slideTitle>Autocomplete</slideTitle>
			<notes isHTML="true">Autocomplete&amp;#x20;makes&amp;#x20;it&amp;#x20;possible&amp;#x20;to&amp;#x20;make&amp;#x20;suggestions&amp;#x20;when&amp;#x20;a&amp;#x20;user&amp;#x20;is&amp;#x20;inputting&amp;#x20;text.&amp;#x20;This&amp;#x20;is&amp;#x20;similar&amp;#x20;to&amp;#x20;what&amp;#x20;Google&amp;#x20;does&amp;#x20;now.&amp;#x20;When&amp;#x20;you&amp;#x20;start&amp;#x20;to&amp;#x20;type&amp;#x20;in&amp;#x20;your&amp;#x20;search&amp;#x20;terms,&amp;#x20;suggestions&amp;#x20;appear&amp;#x20;in&amp;#x20;a&amp;#x20;dropdown.&amp;#x20;&lt;br&gt;&lt;br&gt;This&amp;#x20;one&amp;#x20;does&amp;#x20;have&amp;#x20;extra&amp;#x20;code,&amp;#x20;and&amp;#x20;that&amp;#x2019;s&amp;#x20;your&amp;#x20;array.&amp;#x20;You&amp;#x20;declare&amp;#x20;your&amp;#x20;var&amp;#x20;with&amp;#x20;a&amp;#x20;specific&amp;#x20;name,&amp;#x20;and&amp;#x20;that&amp;#x20;name&amp;#x20;also&amp;#x20;needs&amp;#x20;to&amp;#x20;go&amp;#x20;in&amp;#x20;the&amp;#x20;source:&amp;#x20;line.&amp;#x20;Here,&amp;#x20;the&amp;#x20;word&amp;#x20;terms&amp;#x20;is&amp;#x20;the&amp;#x20;id&amp;#x20;for&amp;#x20;the&amp;#x20;input&amp;#x20;field,&amp;#x20;and&amp;#x20;availableTerms&amp;#x20;is&amp;#x20;the&amp;#x20;name&amp;#x20;of&amp;#x20;the&amp;#x20;array&amp;#x20;where&amp;#x20;all&amp;#x20;of&amp;#x20;the&amp;#x20;terms&amp;#x20;are&amp;#x20;placed.&lt;br&gt;&lt;br&gt;You&amp;#x20;can&amp;#x20;see&amp;#x20;how&amp;#x20;powerful&amp;#x20;this&amp;#x20;one&amp;#x20;is&amp;#x20;if&amp;#x20;you&amp;#x20;think&amp;#x20;about&amp;#x20;inputting&amp;#x20;terms&amp;#x20;that&amp;#x20;the&amp;#x20;user&amp;#x20;will&amp;#x20;see.&amp;#x20;You&amp;#x20;could&amp;#x20;direct&amp;#x20;them&amp;#x20;to&amp;#x20;pages&amp;#x20;that&amp;#x20;you&amp;#x20;want&amp;#x20;them&amp;#x20;to&amp;#x20;go&amp;#x20;to&amp;#x20;by&amp;#x20;adding&amp;#x20;those&amp;#x20;into&amp;#x20;the&amp;#x20;autocomplete,&amp;#x20;or&amp;#x20;keeping&amp;#x20;others&amp;#x20;out.&lt;br&gt;</notes>
			<slideThumbnail url="thumb.swf" frame="4"/>
			<slideSpeaker index="0"/>
			<audios id="4" duration=" 84250">
				<media url="a24x4x1.mp3" startMsecs="0" duration="84250" startAtMSecs="0"/>
			</audios>
			<playbackActions></playbackActions>
		</slide>
		<slide id="280" frameRate="30" totalFrames="835.2" advance="auto" blockMovement="false" type="normal">
			<content url="Slide5.swf"/>
			<slideBackground index="1" frameToPlay="7" duration="2" showAfterFrame="0"/>
			<flvContents></flvContents>
			<clickAnimations>
				<clickAnimation start="22" end="37"/>
				<clickAnimation start="291" end="306"/>
				<clickAnimation start="489" end="504"/>
			</clickAnimations>
			<slideTitle>Button</slideTitle>
			<notes isHTML="true"></notes>
			<slideThumbnail url="thumb.swf" frame="5"/>
			<slideSpeaker index="0"/>
			<audios id="5" duration=" 27840">
				<media url="a24x5x1.mp3" startMsecs="0" duration="27840" startAtMSecs="0"/>
			</audios>
			<playbackActions></playbackActions>
		</slide>
		<slide id="281" frameRate="30" totalFrames="1355.6999999999998" advance="auto" blockMovement="false" type="normal">
			<content url="Slide6.swf"/>
			<slideBackground index="1" frameToPlay="9" duration="2" showAfterFrame="0"/>
			<flvContents></flvContents>
			<clickAnimations>
				<clickAnimation start="25" end="40"/>
				<clickAnimation start="150" end="165"/>
				<clickAnimation start="231" end="246"/>
			</clickAnimations>
			<slideTitle>Datepicker</slideTitle>
			<notes isHTML="true">Datepicker&amp;#x20;uses&amp;#x20;a&amp;#x20;standard&amp;#x20;form&amp;#x20;input&amp;#x20;field.&amp;#x20;When&amp;#x20;the&amp;#x20;user&amp;#x20;clicks&amp;#x20;on&amp;#x20;it,&amp;#x20;a&amp;#x20;calendar&amp;#x20;drops&amp;#x20;down&amp;#x20;or&amp;#x20;to&amp;#x20;the&amp;#x20;side&amp;#x20;for&amp;#x20;them&amp;#x20;to&amp;#x20;be&amp;#x20;able&amp;#x20;to&amp;#x20;choose&amp;#x20;the&amp;#x20;exact&amp;#x20;date.&amp;#x20;Datepicker&amp;#x20;lets&amp;#x20;you&amp;#x20;customize&amp;#x20;how&amp;#x20;the&amp;#x20;calendar&amp;#x20;looks,&amp;#x20;a&amp;#x20;range&amp;#x20;of&amp;#x20;dates&amp;#x20;available,&amp;#x20;and&amp;#x20;even&amp;#x20;the&amp;#x20;language&amp;#x20;of&amp;#x20;the&amp;#x20;calendar.&lt;br&gt;</notes>
			<slideThumbnail url="thumb.swf" frame="6"/>
			<slideSpeaker index="0"/>
			<audios id="6" duration=" 45190">
				<media url="a24x6x1.mp3" startMsecs="0" duration="45190" startAtMSecs="0"/>
			</audios>
			<playbackActions></playbackActions>
		</slide>
		<slide id="287" frameRate="30" totalFrames="1438.5" advance="auto" blockMovement="false" type="normal">
			<content url="Slide7.swf"/>
			<slideBackground index="1" frameToPlay="11" duration="2" showAfterFrame="0"/>
			<flvContents></flvContents>
			<clickAnimations>
				<clickAnimation start="10" end="13"/>
				<clickAnimation start="156" end="159"/>
			</clickAnimations>
			<slideTitle>Dialog</slideTitle>
			<notes isHTML="true">You&amp;#x20;set&amp;#x20;the&amp;#x20;title&amp;#x20;inside&amp;#x20;the&amp;#x20;top&amp;#x20;bar&amp;#x20;with&amp;#x20;a&amp;#x20;title&amp;#x20;attribute.&amp;#x20;With&amp;#x20;the&amp;#x20;dialog,&amp;#x20;you&amp;#x20;have&amp;#x20;the&amp;#x20;option&amp;#x20;of&amp;#x20;animating&amp;#x20;it&amp;#x20;or&amp;#x20;having&amp;#x20;a&amp;#x20;modal&amp;#x20;window,&amp;#x20;which&amp;#x20;is&amp;#x20;a&amp;#x20;window&amp;#x20;that&amp;#x20;pops&amp;#x20;up&amp;#x20;and&amp;#x20;the&amp;#x20;user&amp;#x20;cannot&amp;#x20;interact&amp;#x20;with&amp;#x20;the&amp;#x20;rest&amp;#x20;of&amp;#x20;the&amp;#x20;page&amp;#x20;until&amp;#x20;the&amp;#x20;box&amp;#x20;is&amp;#x20;closed.&lt;br&gt;</notes>
			<slideThumbnail url="thumb.swf" frame="7"/>
			<audios id="7" duration=" 47950">
				<media url="a24x7x1.mp3" startMsecs="0" duration="47950" startAtMSecs="0"/>
			</audios>
			<playbackActions></playbackActions>
		</slide>
		<slide id="284" frameRate="30" totalFrames="1668.6" advance="auto" blockMovement="false" type="normal">
			<content url="Slide8.swf"/>
			<slideBackground index="1" frameToPlay="13" duration="2" showAfterFrame="0"/>
			<flvContents></flvContents>
			<clickAnimations>
				<clickAnimation start="394" end="409"/>
				<clickAnimation start="426" end="441"/>
				<clickAnimation start="689" end="704"/>
				<clickAnimation start="719" end="731"/>
				<clickAnimation start="755" end="770"/>
				<clickAnimation start="785" end="800"/>
			</clickAnimations>
			<slideTitle>Progressbar</slideTitle>
			<notes isHTML="true">Value&amp;#x20;is&amp;#x20;what&amp;#x20;you&amp;#x20;want&amp;#x20;the&amp;#x20;progress&amp;#x20;bar&amp;#x20;to&amp;#x20;start&amp;#x20;at,&amp;#x20;or&amp;#x20;initialize&amp;#x20;to.&amp;#x20;You&amp;#x20;have&amp;#x20;the&amp;#x20;option&amp;#x20;to&amp;#x20;have&amp;#x20;a&amp;#x20;set&amp;#x20;progressbar,&amp;#x20;or&amp;#x20;even&amp;#x20;one&amp;#x20;that&amp;#x20;is&amp;#x20;animated.&amp;#x20;To&amp;#x20;do&amp;#x20;that,&amp;#x20;you&amp;#x2019;ll&amp;#x20;set&amp;#x20;a&amp;#x20;background&amp;#x20;image&amp;#x20;of&amp;#x20;an&amp;#x20;animated&amp;#x20;gif.&lt;br&gt;</notes>
			<slideThumbnail url="thumb.swf" frame="8"/>
			<audios id="8" duration=" 55620">
				<media url="a24x8x1.mp3" startMsecs="0" duration="21080" startAtMSecs="0"/>
				<media url="a24x8x2.mp3" startMsecs="21080" duration="34540" startAtMSecs="0"/>
			</audios>
			<playbackActions></playbackActions>
		</slide>
		<slide id="285" frameRate="30" totalFrames="1478.4" advance="auto" blockMovement="false" type="normal">
			<content url="Slide9.swf"/>
			<slideBackground index="1" frameToPlay="15" duration="2" showAfterFrame="0"/>
			<flvContents></flvContents>
			<clickAnimations>
				<clickAnimation start="37" end="52"/>
				<clickAnimation start="375" end="390"/>
				<clickAnimation start="1131" end="1146"/>
				<clickAnimation start="1152" end="1167"/>
				<clickAnimation start="1182" end="1197"/>
				<clickAnimation start="1212" end="1227"/>
			</clickAnimations>
			<slideTitle>Slider</slideTitle>
			<notes isHTML="true">With&amp;#x20;the&amp;#x20;slider,&amp;#x20;you&amp;#x20;can&amp;#x20;create&amp;#x20;a&amp;#x20;colorpicker&amp;#x20;slider,&amp;#x20;multiple&amp;#x20;slides,&amp;#x20;such&amp;#x20;as&amp;#x20;with&amp;#x20;volume&amp;#x20;controls,&amp;#x20;a&amp;#x20;slider&amp;#x20;scrollbar,&amp;#x20;and&amp;#x20;even&amp;#x20;a&amp;#x20;vertical&amp;#x20;slider.&amp;#x20;The&amp;#x20;default&amp;#x20;is&amp;#x20;horizontal,&amp;#x20;by&amp;#x20;the&amp;#x20;way.&lt;br&gt;</notes>
			<slideThumbnail url="thumb.swf" frame="9"/>
			<audios id="9" duration=" 49280">
				<media url="a24x9x1.mp3" startMsecs="0" duration="49280" startAtMSecs="0"/>
			</audios>
			<playbackActions></playbackActions>
		</slide>
		<slide id="288" frameRate="30" totalFrames="1441.5" advance="auto" blockMovement="false" type="normal">
			<content url="Slide10.swf"/>
			<slideBackground index="1" frameToPlay="17" duration="2" showAfterFrame="0"/>
			<flvContents></flvContents>
			<clickAnimations>
				<clickAnimation start="112" end="127"/>
				<clickAnimation start="864" end="867"/>
			</clickAnimations>
			<slideTitle>Spinner</slideTitle>
			<notes isHTML="true">The&amp;#x20;spinner&amp;#x20;has&amp;#x20;several&amp;#x20;options&amp;#x20;that&amp;#x20;deal&amp;#x20;with&amp;#x20;currency,&amp;#x20;decimal&amp;#x20;points,&amp;#x20;map&amp;#x20;latitude&amp;#x20;and&amp;#x20;longitude,&amp;#x20;and&amp;#x20;time.&lt;br&gt;</notes>
			<slideThumbnail url="thumb.swf" frame="10"/>
			<audios id="10" duration=" 48050">
				<media url="a24x10x1.mp3" startMsecs="0" duration="48050" startAtMSecs="0"/>
			</audios>
			<playbackActions></playbackActions>
		</slide>
		<slide id="278" frameRate="30" totalFrames="1517.7" advance="auto" blockMovement="false" type="normal">
			<content url="Slide11.swf"/>
			<slideBackground index="1" frameToPlay="19" duration="2" showAfterFrame="0"/>
			<flvContents></flvContents>
			<clickAnimations>
				<clickAnimation start="16" end="31"/>
				<clickAnimation start="219" end="234"/>
				<clickAnimation start="597" end="612"/>
				<clickAnimation start="681" end="696"/>
			</clickAnimations>
			<slideTitle>Tabs</slideTitle>
			<notes isHTML="true">The&amp;#x20;default&amp;#x20;for&amp;#x20;Tabs&amp;#x20;is&amp;#x20;to&amp;#x20;have&amp;#x20;the&amp;#x20;user&amp;#x20;click&amp;#x20;to&amp;#x20;change&amp;#x20;the&amp;#x20;tabs,&amp;#x20;but&amp;#x20;you&amp;#x20;can&amp;#x20;make&amp;#x20;it&amp;#x20;to&amp;#x20;when&amp;#x20;the&amp;#x20;user&amp;#x20;just&amp;#x20;hovers&amp;#x20;over&amp;#x20;the&amp;#x20;link.&amp;#x20;You&amp;#x20;also&amp;#x20;can&amp;#x20;create&amp;#x20;tabs&amp;#x20;dynamically,&amp;#x20;or&amp;#x20;even&amp;#x20;make&amp;#x20;the&amp;#x20;tabs&amp;#x20;draggable&amp;#x20;so&amp;#x20;the&amp;#x20;user&amp;#x20;can&amp;#x20;move,&amp;#x20;or&amp;#x20;sort,&amp;#x20;them&amp;#x20;the&amp;#x20;way&amp;#x20;they&amp;#x20;want.&amp;#x20;That&amp;#x20;functionality&amp;#x20;makes&amp;#x20;use&amp;#x20;of&amp;#x20;the&amp;#x20;sortable&amp;#x20;method.&lt;br&gt;</notes>
			<slideThumbnail url="thumb.swf" frame="11"/>
			<slideSpeaker index="0"/>
			<audios id="11" duration=" 50590">
				<media url="a24x11x1.mp3" startMsecs="0" duration="50590" startAtMSecs="0"/>
			</audios>
			<playbackActions></playbackActions>
		</slide>
		<slide id="286" frameRate="30" totalFrames="1476.6" advance="auto" blockMovement="false" type="normal">
			<content url="Slide12.swf"/>
			<slideBackground index="1" frameToPlay="21" duration="2" showAfterFrame="0"/>
			<flvContents></flvContents>
			<clickAnimations>
				<clickAnimation start="100" end="115"/>
				<clickAnimation start="216" end="231"/>
				<clickAnimation start="1080" end="1095"/>
				<clickAnimation start="1119" end="1134"/>
				<clickAnimation start="1161" end="1176"/>
				<clickAnimation start="1218" end="1233"/>
			</clickAnimations>
			<slideTitle>Tooltip</slideTitle>
			<notes isHTML="true">The&amp;#x20;tooltip&amp;#x20;area&amp;#x20;can&amp;#x20;be&amp;#x20;customized&amp;#x20;using&amp;#x20;CSS.&lt;br&gt;&lt;br&gt;Now,&amp;#x20;a&amp;#x20;caveat&amp;#x20;with&amp;#x20;these&amp;#x20;UI&amp;#x20;features.&amp;#x20;As&amp;#x20;you&amp;#x20;can&amp;#x20;see,&amp;#x20;the&amp;#x20;code&amp;#x20;is&amp;#x20;the&amp;#x20;easy&amp;#x20;part.&amp;#x20;It&amp;#x2019;s&amp;#x20;the&amp;#x20;styling&amp;#x20;that&amp;#x20;will&amp;#x20;take&amp;#x20;time.&amp;#x20;You&amp;#x20;need&amp;#x20;to&amp;#x20;make&amp;#x20;sure&amp;#x20;you&amp;#x20;leave&amp;#x20;time&amp;#x20;for&amp;#x20;styling.&amp;#x20;It&amp;#x20;may&amp;#x20;look&amp;#x20;like&amp;#x20;a&amp;#x20;breeze&amp;#x20;but&amp;#x20;it&amp;#x2019;s&amp;#x20;not.&amp;#x20;&lt;br&gt;</notes>
			<slideThumbnail url="thumb.swf" frame="12"/>
			<audios id="12" duration=" 49220">
				<media url="a24x12x1.mp3" startMsecs="0" duration="49220" startAtMSecs="0"/>
			</audios>
			<playbackActions></playbackActions>
		</slide>
		<slide id="282" frameRate="30" totalFrames="2412.6" advance="auto" blockMovement="false" type="normal">
			<content url="Slide13.swf"/>
			<slideBackground index="1" frameToPlay="23" duration="2" showAfterFrame="0"/>
			<flvContents></flvContents>
			<clickAnimations>
				<clickAnimation start="259" end="274"/>
				<clickAnimation start="507" end="522"/>
				<clickAnimation start="1761" end="1776"/>
			</clickAnimations>
			<slideTitle>“Lightbox”</slideTitle>
			<notes isHTML="true">Some&amp;#x20;of&amp;#x20;you&amp;#x20;may&amp;#x20;have&amp;#x20;heard&amp;#x20;of&amp;#x20;lightbox,&amp;#x20;and&amp;#x20;there&amp;#x20;is&amp;#x20;a&amp;#x20;little&amp;#x20;confusion&amp;#x20;around&amp;#x20;it.&amp;#x20;There&amp;#x2019;s&amp;#x20;a&amp;#x20;script&amp;#x20;called&amp;#x20;LightBox&amp;#x20;that&amp;#x2019;s&amp;#x20;on&amp;#x20;the&amp;#x20;Prototype&amp;#x20;framework,&amp;#x20;not&amp;#x20;jQuery.&amp;#x20;But&amp;#x20;the&amp;#x20;term&amp;#x20;lightbox&amp;#x20;is&amp;#x20;much&amp;#x20;like&amp;#x20;the&amp;#x20;terms&amp;#x20;band-aids&amp;#x20;or&amp;#x20;kleenex.&amp;#x20;That&amp;#x20;was&amp;#x20;the&amp;#x20;original&amp;#x20;name&amp;#x20;and&amp;#x20;its&amp;#x20;what&amp;#x20;everyone&amp;#x20;knows&amp;#x20;it&amp;#x20;as.&amp;#x20;Lightbox&amp;#x20;the&amp;#x20;brand&amp;#x20;is&amp;#x20;still&amp;#x20;around,&amp;#x20;but&amp;#x20;there&amp;#x20;have&amp;#x20;been&amp;#x20;scripts&amp;#x20;created&amp;#x20;that&amp;#x20;work&amp;#x20;in&amp;#x20;the&amp;#x20;other&amp;#x20;frameworks,&amp;#x20;including&amp;#x20;jQuery.&amp;#x20;A&amp;#x20;&amp;#x201c;lightbox&amp;#x201d;&amp;#x20;is&amp;#x20;a&amp;#x20;script&amp;#x20;that&amp;#x20;allows&amp;#x20;you&amp;#x20;display&amp;#x20;large&amp;#x20;images&amp;#x20;using&amp;#x20;various&amp;#x20;modal&amp;#x20;dialogues.&amp;#x20;Lightbox&amp;#x20;plugins&amp;#x20;for&amp;#x20;jQuery&amp;#x20;include&amp;#x20;Colorbox&amp;#x20;and&amp;#x20;Thickbox.&lt;br&gt;&lt;br&gt;Colorbox&amp;#x20;is&amp;#x20;very&amp;#x20;customizable,&amp;#x20;which&amp;#x20;makes&amp;#x20;it&amp;#x20;flexible&amp;#x20;for&amp;#x20;just&amp;#x20;about&amp;#x20;any&amp;#x20;kind&amp;#x20;of&amp;#x20;gallery.&amp;#x20;Just&amp;#x20;like&amp;#x20;the&amp;#x20;UI&amp;#x20;components,&amp;#x20;Colorbox&amp;#x20;styling&amp;#x20;is&amp;#x20;controlled&amp;#x20;by&amp;#x20;CSS.&amp;#x20;I&amp;#x20;have&amp;#x20;a&amp;#x20;link&amp;#x20;to&amp;#x20;an&amp;#x20;example&amp;#x20;of&amp;#x20;Colorbox&amp;#x20;in&amp;#x20;the&amp;#x20;Examples&amp;#x20;section&amp;#x20;in&amp;#x20;the&amp;#x20;module.&amp;#x20;&lt;br&gt;</notes>
			<slideThumbnail url="thumb.swf" frame="13"/>
			<slideSpeaker index="0"/>
			<audios id="13" duration=" 80420">
				<media url="a24x13x1.mp3" startMsecs="0" duration="80420" startAtMSecs="0"/>
			</audios>
			<playbackActions></playbackActions>
		</slide>
		<slide id="289" frameRate="30" totalFrames="2296.2000000000003" advance="auto" blockMovement="false" type="normal">
			<content url="Slide14.swf"/>
			<slideBackground index="1" frameToPlay="25" duration="2" showAfterFrame="0"/>
			<flvContents></flvContents>
			<clickAnimations>
				<clickAnimation start="94" end="109"/>
				<clickAnimation start="981" end="996"/>
			</clickAnimations>
			<slideTitle>Assignments for Module 3</slideTitle>
			<notes isHTML="true">14&lt;br&gt;Make&amp;#x20;sure&amp;#x20;you&amp;#x20;check&amp;#x20;out&amp;#x20;the&amp;#x20;examples,&amp;#x20;too.&lt;br&gt;&lt;br&gt;You&amp;#x20;will&amp;#x20;be&amp;#x20;converting&amp;#x20;video&amp;#x20;for&amp;#x20;use&amp;#x20;on&amp;#x20;your&amp;#x20;site.&lt;br&gt;&lt;br&gt;Grad&amp;#x20;students,&amp;#x20;there&amp;#x20;is&amp;#x20;an&amp;#x20;extra&amp;#x20;requirement&amp;#x20;that&amp;#x20;is&amp;#x20;required&amp;#x20;for&amp;#x20;you.&amp;#x20;Undergrads,&amp;#x20;it&amp;#x2019;s&amp;#x20;optional&amp;#x20;for&amp;#x20;you&amp;#x20;but&amp;#x20;it&amp;#x20;would&amp;#x20;earn&amp;#x20;you&amp;#x20;full&amp;#x20;more&amp;#x20;than&amp;#x20;minimum&amp;#x20;requirement&amp;#x20;points.&lt;br&gt;</notes>
			<slideThumbnail url="thumb.swf" frame="14"/>
			<audios id="14" duration=" 76540">
				<media url="a24x14x1.mp3" startMsecs="0" duration="76540" startAtMSecs="0"/>
			</audios>
			<playbackActions></playbackActions>
		</slide>
	</slides>
	<quizzes>
		<reportingOptions isTracked="false"></reportingOptions>
		<quizSettings showQuestionList="true" showScores="true" showPassScore="false" showCurrentScore="false" showQuestionMarks="false" showAttempts="true" showQuizAttempts="false" showQuestionAttempts="false" showQuestionCorrectFeedback="true" showQuestionIncorrectFeedback="true" showQuizNavigationWarning="true"></quizSettings>
		<quiz quizID="10004" title="Quiz" numQuizAttemptsAllowed="1" minScore="0" passingScore="80" percent="true" passingGradeAction="nextSlide" passingGradeActionArg1="" passingGradeActionArg2="" failingGradeAction="nextSlide" failingGradeActionArg1="" failingGradeActionArg2="" questionAdvance="optional" quizAdvance="optional" showProgress="minimal" allowBackwardMovementInQuiz="true" allowReviewMode="true" passedScoreFeedback="Passed" failedScoreFeedback="Failed" shuffleQuestions="0">
			<questiongroups></questiongroups>
		</quiz>
	</quizzes>
	<attachments></attachments>
</presentation>
